Date;Company;Stock;Assets to Market Cap;BV Equity to Market Cap;Debt to Equity;Net Income;Oil;Gas;Market;EURUSD;GBPUSD;CNYUSD;JPYUSD;RUBUSD;INRUSD;BRLUSD;T-Bill3M
31.12.2015;1;77,95;1,039504235;0,54577692;21,8805;2780;37,04;2,337;17425,03;1,0862;1,4736;0,154;0,008316;0,0137;0,015102;0,2525;0,00295
30.09.2015;1;74,35;1,100617232;0,571334785;19,403;4240;45,09;2,524;16284,7;1,1177;1,5128;0,15732;0,008342;0,01529;0,015253;0,2533;0,00201
30.06.2015;1;83,2;1,004033895;0,516051396;18,9052;4190;59,47;2,832;17619,51;1,1147;1,5712;0,16108;0,008163;0,01807;0,015722;0,3222;0,00165
31.03.2015;1;85;0,96504073;0,499306386;18,4682;4940;47,6;2,64;17776,12;1,0731;1,4818;0,16129;0,008324;0,01718;0,016048;0,3128;-0,00015
31.12.2014;1;92,45;0,899868158;0,466200262;16,0833;6570;53,27;2,889;17823,07;1,2098;1,5577;0,16113;0,008355;0,01723;0,015813;0,3773;0,00008
30.09.2014;1;94,05;0,885670224;0,470736069;11,6451;8070;91,16;4,121;17042,9;1,2631;1,6213;0,1629;0,00912;0,02526;0,016151;0,409;0,00023
30.06.2014;1;100,68;0,835085778;0,438125087;11,5691;8780;105,37;4,461;16826,6;1,3692;1,7106;0,16117;0,009869;0,02942;0,016655;0,4518;0,00041
31.03.2014;1;97,68;0,841681172;0,436038306;11,6829;9100;101,58;4,371;16457,66;1,3769;1,6662;0,16084;0,009687;0,02852;0,0167;0,4403;0,00018
31.12.2013;1;101,2;0,79053207;0,411429626;12,576;8350;98,42;4,23;16576,66;1,3743;1,6557;0,16513;0,009497;0,03039;0,016165;0,4231;0,00023
30.09.2013;1;86,04;0,924596703;0,466810084;12,1343;7870;102,33;3,56;15129,67;1,3527;1,6186;0,16339;0,01018;0,0309;0,015988;0,4505;0,00033
28.06.2013;1;90,35;0,858931909;0,431428387;11,2811;6860;96,56;3,565;14909,6;1,301;1,5213;0,16293;0,010086;0,03046;0,016755;0,4482;0,00068
28.03.2013;1;90,11;0,847764264;0,432013095;7,7492;9500;97,23;4,024;14578,54;1,2819;1,5198;0,16101;0,010614;0,03218;0,018357;0,4945;0,00008
31.12.2012;1;86,55;0,856657584;0,440551359;6,7465;9950;91,82;3,351;13104,14;1,3193;1,6255;0,16047;0,01153;0,03273;0,018236;0,4876;0,00033
28.09.2012;1;91,45;0,803968526;0,413400107;7,2084;9570;92,19;3,32;13437,13;1,286;1,6167;0,15909;0,01283;0,03207;0,018911;0,4932;0,00074
29.06.2012;1;85,57;0,834563066;0,425288042;9,2752;15910;84,96;2,824;12880,09;1,2667;1,5707;0,15735;0,01253;0,03089;0,018055;0,4971;0,00043
30.03.2012;1;86,73;0,851072476;0,404678117;9,5359;9450;103,02;2,126;13212,04;1,3343;1,6008;0,15887;0,012068;0,03412;0,019627;0,5474;0,00094
30.12.2011;1;84,76;0,825043818;0,400604266;10,5964;9400;98,83;2,989;12217,56;1,2961;1,5543;0,15872;0,013001;0,03108;0,018822;0,5363;0,00084
30.09.2011;1;72,63;0,928504811;0,465971662;10,3334;10330;79,2;3,666;10913,38;1,3387;1,5584;0,15666;0,012983;0,031;0,020427;0,5318;0,00069
30.06.2011;1;81,38;0,82443542;0,409015543;10,1882;10680;95,42;4,374;12414,34;1,4502;1,6053;0,15471;0,012413;0,03587;0,022411;0,6397;0,00013
31.03.2011;1;84,13;0,771028481;0,380120011;10,078;10650;106,72;4,389;12319,73;1,4158;1,6028;0,15272;0,012029;0,03523;0,022428;0,6126;0,00023
31.12.2010;1;73,12;0,830924236;0,419373513;9,8337;9250;91,38;4,405;11577,51;1,3384;1,5612;0,1515;0,012323;0,03277;0,022365;0,6024;0,00015
30.09.2010;1;61,79;0,962731995;0,483301128;12,1474;7350;79,97;3,872;10788,05;1,3634;1,5716;0,14948;0,011973;0,0327;0,022254;0,5928;0,00094
30.06.2010;1;57,07;1,001608945;0,5002298;14,0555;7560;75,63;4,616;9774,02;1,2238;1,4945;0,14746;0,011308;0,03199;0,021527;0,554;0,00125
31.03.2010;1;66,98;0,771431742;0,373932174;8,0312;6300;83,76;3,869;10856,63;1,351;1,5184;0,14649;0,0107;0,03397;0,022306;0,5625;0,00158
31.12.2009;1;68,19;0,723854467;0,357988774;8,3238;6050;79,36;5,572;10428,05;1,4321;1,617;0,14647;0,010753;0,03329;0,021493;0,5738;0,00175
30.09.2009;1;68,61;0,704061605;0,344205917;8,5661;4730;70,61;4,841;9712,28;1,464;1,5982;0,1465;0,01115;0,03331;0,020789;0,5659;0,00155
30.06.2009;1;69,91;0,668658884;0,330824847;8,3435;3950;69,89;3,835;8447;1,4033;1,6458;0,1464;0,010377;0,0321;0,020875;0,5121;0,00053
31.03.2009;1;68,1;0,669492188;0,335144797;8,2638;4550;49,66;3,776;7608,92;1,325;1,4323;0,14634;0,010104;0,02945;0,019712;0,4303;0,00113
31.12.2008;1;79,83;0,574099785;0,295853266;8,0197;7820;44,6;5,622;8776,39;1,3971;1,4593;0,14655;0,011021;0,03401;0,02054;0,4321;0,00188
30.09.2008;1;77,66;0,648560527;0,317134449;8,1925;14830;100,64;7,438;10850,66;1,4092;1,7805;0,14601;0,009424;0,03899;0,021288;0,525;0,00206
30.06.2008;1;88,13;0,582762687;0,272696358;7,7203;11680;140;13,353;11350,01;1,5755;1,9923;0,1459;0,009415;0,04265;0,023202;0,6234;0,00081
31.03.2008;1;84,58;0,577844934;0,275579768;8,1258;10890;101,58;10,101;12262,89;1,5788;1,9837;0,14261;0,010031;0,04256;0,02493;0,5682;0,0091
31.12.2007;1;93,69;0,480093213;0,249968477;7,5894;11660;95,98;7,483;13264,82;1,4589;1,985;0,13691;0,008948;0,04059;0,025374;0,5634;0,01736
28.09.2007;1;92,56;0,468028337;0,234553073;7,5808;9410;81,66;6,87;13895,63;1,4267;2,0473;0,13322;0,00871;0,04024;0,025148;0,5456;0,01321
29.06.2007;1;83,88;0,490790512;0,250108298;7,5548;10260;70,68;6,773;13408,62;1,3541;2,0087;0,1313;0,008119;0,03883;0,024564;0,5184;0,03242
30.03.2007;1;75,45;0,525397235;0,268487895;7,6803;9280;65,87;7,73;12354,35;1,3354;1,9678;0,12942;0,008487;0,03848;0,022978;0,4857;0,03801
29.12.2006;1;76,63;0,498880136;0,267982788;7,0949;10250;61,05;6,299;12463,15;1,3197;1,9588;0,128;0,008399;0,03798;0,022595;0,4676;0,04807
29.09.2006;1;67,1;0,572275579;0,297942489;7,3667;10490;62,91;5,62;11679,07;1,2674;1,8721;0,12652;0,008462;0,03732;0,021772;0,4598;0,05033
30.06.2006;1;61,35;0,605962151;0,317400129;7,219;10360;73,93;6,104;11150,22;1,2791;1,8483;0,1251;0,008739;0,03725;0,021713;0,462;0,05011
31.03.2006;1;60,86;0,586638349;0,30543749;7,1081;8400;66,63;7,21;11109,32;1,2118;1,7372;0,12473;0,008491;0,03611;0,022411;0,4618;0,04877
30.12.2005;1;56,17;0,604762493;0,332993111;6,9661;10710;61,04;11,225;10717,5;1,1849;1,723;0,1239;0,008494;0,03476;0,022204;0,4277;0,04981
30.09.2005;1;63,54;0,530440999;0,272882923;7,8385;9920;66,24;13,921;10568,7;1,2026;1,7643;0,12356;0,008812;0,03503;0,02272;0,4484;0,04607
30.06.2005;1;57,47;0,556955175;0,288655426;8,6868;7640;56,5;6,981;10274,97;1,2108;1,7915;0,12077;0,009015;0,03493;0,022973;0,4287;0,04079
31.03.2005;1;59,6;0,530451181;0,273322633;8,0272;7860;55,4;7,653;10503,76;1,2964;1,8905;0,12082;0,009333;0,03587;0,022855;0,372;0,03543
31.12.2004;1;51,26;0,595083569;0,322167277;7,8452;8420;43,45;6,149;10783,01;1,3554;1,9182;0,12082;0,009744;0,03606;0,022999;0,3769;0,03121
30.09.2004;1;48,33;0,60114932;0,306108814;10,5918;5680;49,64;6,795;10080,27;1,2436;1,812;0,12082;0,009087;0,03422;0,021751;0,3496;0,02772
30.06.2004;1;44,41;0,626455535;0,323751822;10,5094;5790;37,05;6,155;10435,48;1,22;1,8204;0,12082;0,009194;0,0344;0,02175;0,3243;0,02217
31.03.2004;1;41,59;0,662506204;0,337061916;10,8736;5440;35,76;5,933;10357,7;1,2316;1,8462;0,12081;0,009591;0,0351;0,023;0,3454;0,01705
31.12.2003;1;41;0,647180714;0,346458067;10,2308;6650;32,52;6,189;10453,92;1,2595;1,7858;0,12082;0,009327;0,0342;0,0219;0,346;0,01266
30.09.2003;1;36,6;0,69034443;0,346290495;11,4835;3650;29,2;4,83;9275,06;1,1657;1,6618;0,12081;0,008968;0,0326;0,02185;0,3448;0,00943
30.06.2003;1;35,91;0,691173882;0,345710438;12,2764;4170;30,19;5,411;8985,44;1,1512;1,6546;0,1208;0,008348;0,0329;0,0211;0,352;0,00922
31.03.2003;1;34,95;0,69607487;0,340915835;13,3957;7040;31,04;5,06;7992,13;1,0915;1,5827;0,12081;0,008466;0,0319;0,02105;0,2982;0,00943
31.12.2002;1;34,94;0,652051705;0,330481251;13,8926;4090;31,2;4,789;8341,63;1,0492;1,61;0,12081;0,008416;0,0313;0,0209;0,2825;0,00851
30.09.2002;1;31,9;0,696340315;0,347953531;14,5709;2640;30,45;4,138;7591,93;0,9866;1,5684;0,12081;0,008215;0,03156;0,02067;0,2674;0,01113
28.06.2002;1;40,92;0,536108168;0,271678001;15,055;2640;26,86;3,245;9243,26;0,9915;1,5335;0,12081;0,008363;0,03177;0,02045;0,3549;0,01195
28.03.2002;1;43,83;0,477828704;0,24345086;14,5273;2090;26,31;3,283;10403,94;0,8717;1,4259;0,12081;0,007534;0,03204;0,02049;0,4301;0,01552
31.12.2001;1;39,3;0,536334438;0,284646016;14,2158;2680;19,84;2,57;10021,5;0,8895;1,4546;0,12082;0,007595;0,03278;0,02072;0,4328;0,01685
28.09.2001;1;39,4;0,548817051;0,273937276;15,0803;3180;23,43;2,244;8847,56;0,9114;1,4744;0,12081;0,008364;0,03394;0,02089;0,3743;0,01777
29.06.2001;1;43,675;0,494636789;0,244450935;15,3192;4460;26,25;3,096;10502,4;0,849;1,4153;0,12082;0,008021;0,0343;0,02126;0,4309;0,01725
30.03.2001;1;40,5;0,532424405;0,257251744;17,847;5000;26,29;5,025;9878,78;0,8767;1,4161;0,1208;0,007916;0,03477;0,02145;0,4651;0,02371
29.12.2000;1;43,4688;0,494624794;0,245609427;18,1667;5220;26,8;9,775;10786,85;0,9427;1,493;0,12081;0,008741;0,03551;0,02141;0,5128;0,03656
29.09.2000;1;44,5528;0,478648036;0,219903923;20,9085;4490;30,84;5,186;10650,92;0,8828;1,4754;0,12077;0,009247;0,03599;0,02173;0,5423;0,04286
30.06.2000;1;39,25;0,536116666;0,244755113;21,8507;4530;32,5;4,476;10447,9;0,9525;1,5141;0,12079;0,009436;0,03562;0,02238;0,5556;0,05895
31.03.2000;1;39;0,527526041;0,237931414;23,8047;3480;26,9;2,945;10921,93;0,9555;1,5911;0,12079;0,009728;0,03489;0,02293;0,576;0,06209
31.12.1999;1;40,2813;0,51593303;0,239736555;28,2515;4185;25,6;2,329;11497,12;1,0062;1,6182;0,12078;0,009755;0,03629;0,02296;0,5559;0,05854
30.09.1999;1;38;0,511588265;0,237567642;21,0909;2188;24,51;2,744;10336,96;1,0684;1,6473;0,1208;0,009405;0,03962;0,02292;0,5161;0,05871
30.06.1999;1;38,5625;0,487211597;0,228714698;21,6372;1954;19,29;2,394;10970,81;1,0351;1,5778;0,12079;0,008258;0,04122;0,02305;0,549;0,05328
31.03.1999;1;35,2813;0,529628613;0,25101773;19,534;1484;16,76;2,013;9786,16;1,0762;1,6112;0,12077;0,008413;0,0402;0,02356;0,5822;0,04851
31.12.1998;1;36,5625;0,551022527;0,26000702;25,881;3234;12,05;1,945;9181,43;1,1736;1,66;0,12078;0,008779;0,04849;0,02353;0,8276;0,04779
30.09.1998;1;35,3125;0,554594553;0,255576962;21,7642;1400;16,14;2,433;7842,62;1,1706;1,6989;0,1208;0,007328;0,06285;0,02355;0,8435;0,04475
30.06.1998;1;35,6875;0,535597016;0,249119033;21,8742;1620;14,18;2,469;8952,01;1,0851;1,6679;0,12077;0,007206;0,16134;0,02357;0,8647;0,04452
31.03.1998;1;33,8125;0,573857957;0,264377285;22,4711;1820;15,61;2,522;8799,8;1,0589;1,6725;0,12078;0,007515;0,16377;0,02532;0,8795;0,04361
31.12.1997;1;30,5938;0,638988145;0,306184037;21,6202;2500;17,64;2,264;7908,24;1,0909;1,6452;0,12078;0,007658;0,16784;0,02551;0,8961;0,05078
30.09.1997;1;32,0313;0,614787649;0,27444306;22,8988;1820;21,18;3,082;7945,25;1,1106;1,6156;0,1207;0,008298;0,17061;0,02766;0,9124;0,0512
30.06.1997;1;30,625;0,626400277;0,289145893;22,102;1965;19,8;2,139;7672,79;1,1255;1,6656;0,12061;0,008728;0,17295;0,02793;0,9289;0,05347
31.03.1997;1;26,9375;0,714995264;0,326448746;22,5326;2175;20,41;1,926;6583,47;1,1654;1,6374;0,12054;0,008078;0,17464;0,02787;0,9439;0,051
31.12.1996;1;24,5;0,78472459;0,3734069;21,4405;2495;25,92;2,757;6448,26;1,2716;1,714;0,1205;0,008643;0,18018;0,02789;0,9629;0,05167
30.09.1996;1;20,8125;0,904135861;0,404253239;23,1868;1560;24,38;2,214;5882,16;1,2804;1,5653;0,12045;0,008977;0,18532;0,02795;0,9794;0,05322
28.06.1996;1;21,7188;0,85642477;0,383535479;24,2762;1570;20,92;2,911;5654,62;1,2809;1,5527;0,12016;0,009114;0,19588;0,02849;0,9961;0,05171
31.12.2015;2;44,47;1,120801766;0,251499303;207,5922;-7213;37,04;2,337;17425,03;1,0862;1,4736;0,154;0,008316;0,0137;0,015102;0,2525;0,05032
30.09.2015;2;39,16;1,878779171;0,808742422;73,3127;-5655;45,09;2,524;16284,7;1,1177;1,5128;0,15732;0,008342;0,01529;0,015253;0,2533;0,05157
30.06.2015;2;57,63;1,621045832;0,815067647;54,4973;-5600;59,47;2,832;17619,51;1,1147;1,5712;0,16108;0,008163;0,01807;0,015722;0,3222;0,00295
31.03.2015;2;60,33;2,139453624;1,029268491;52,4375;-4651;47,6;2,64;17776,12;1,0731;1,4818;0,16129;0,008324;0,01718;0,016048;0,3128;0,00201
31.12.2014;2;62,67;2,371293422;1,192470028;39,9652;-4814;53,27;2,889;17823,07;1,2098;1,5577;0,16113;0,008355;0,01723;0,015813;0,3773;0,00165
30.09.2014;2;93,87;1,724248934;0,932547554;33,111;-1330;91,16;4,121;17042,9;1,2631;1,6213;0,1629;0,00912;0,02526;0,016151;0,409;-0,00015
30.06.2014;2;100,62;1,590090479;0,90698921;27,7284;505;105,37;4,461;16826,6;1,3692;1,7106;0,16117;0,009869;0,02942;0,016655;0,4518;0,00008
31.03.2014;2;82,95;1,88901262;1,087184387;27,4981;236;101,58;4,371;16457,66;1,3769;1,6662;0,16084;0,009687;0,02852;0,0167;0,4403;0,00023
31.12.2013;2;85,94;1,812174777;1,040581175;27,4772;174;98,42;4,23;16576,66;1,3743;1,6557;0,16513;0,009497;0,03039;0,016165;0,4231;0,00041
30.09.2013;2;85,14;1,751655842;0,959035862;33,1251;306;102,33;3,56;15129,67;1,3527;1,6186;0,16339;0,01018;0,0309;0,015988;0,4505;0,00018
28.06.2013;2;83,83;1,940760883;1,002425207;39,0422;1035;96,56;3,565;14909,6;1,301;1,5213;0,16293;0,010086;0,03046;0,016755;0,4482;0,00023
28.03.2013;2;77,16;2,043746136;1,057957465;39,0127;717;97,23;4,024;14578,54;1,2819;1,5198;0,16101;0,010614;0,03218;0,018357;0,4945;0,00033
31.12.2012;2;78,5;1,975585296;1,019099773;39,4019;668;91,82;3,351;13104,14;1,3193;1,6255;0,16047;0,01153;0,03273;0,018236;0,4876;0,00068
28.09.2012;2;86,47;1,738226166;0,907802728;37,8785;180;92,19;3,32;13437,13;1,286;1,6167;0,15909;0,01283;0,03207;0,018911;0,4932;0,00008
29.06.2012;2;87,89;1,664135809;0,892113142;33,3779;356;84,96;2,824;12880,09;1,2667;1,5707;0,15735;0,01253;0,03089;0,018055;0,4971;0,00033
30.03.2012;2;100,44;1,37856689;0,769467008;26,495;797;103,02;2,126;13212,04;1,3343;1,6008;0,15887;0,012068;0,03412;0,019627;0,5474;0,00074
30.12.2011;2;90,58;1,496003143;0,833290794;24,8888;1189;98,83;2,989;12217,56;1,2961;1,5543;0,15872;0,013001;0,03108;0,018822;0,5363;0,00043
30.09.2011;2;80,24;1,540905045;0,905519428;25,8108;1002;79,2;3,666;10913,38;1,3387;1,5584;0,15666;0,012983;0,031;0,020427;0,5318;0,00094
30.06.2011;2;123,39;0,982423434;0,563052842;29,4446;1259;95,42;4,374;12414,34;1,4502;1,6053;0,15471;0,012413;0,03587;0,022411;0,6397;0,00084
31.03.2011;2;130,92;0,89389025;0,502033757;32,3835;1134;106,72;4,389;12319,73;1,4158;1,6028;0,15272;0,012029;0,03523;0,022428;0,6126;0,00069
31.12.2010;2;119,23;0,952457878;0,534670482;33,3962;689;91,38;4,405;11577,51;1,3384;1,5612;0,1515;0,012323;0,03277;0,022365;0,6024;0,00013
30.09.2010;2;97,76;1,036551193;0,615990492;29,6917;778;79,97;3,872;10788,05;1,3634;1,5716;0,14948;0,011973;0,0327;0,022254;0,5928;0,00023
30.06.2010;2;84,19;1,070082418;0,621525599;28,3571;860,223;75,63;4,616;9774,02;1,2238;1,4945;0,14746;0,011308;0,03199;0,021527;0,554;0,00015
31.03.2010;2;101,5;0,854164608;0,489751933;30,2198;704,981;83,76;3,869;10856,63;1,351;1,5184;0,14649;0,0107;0,03397;0,022306;0,5625;0,00094
31.12.2009;2;103,17;0,8120305;0,454581648;32,1176;585,806;79,36;5,572;10428,05;1,4321;1,617;0,14647;0,010753;0,03329;0,021493;0,5738;0,00125
30.09.2009;2;91,83;0,881914794;0,497404552;32,8857;442,016;70,61;4,841;9712,28;1,464;1,5982;0,1465;0,01115;0,03331;0,020789;0,5659;0,00158
30.06.2009;2;72,15;1,089900998;0,617511616;33,2069;444,72;69,89;3,835;8447;1,4033;1,6458;0,1464;0,010377;0,0321;0,020875;0,5121;0,00175
31.03.2009;2;64,09;1,223942773;0,686207679;33,323;-1756,94;49,66;3,776;7608,92;1,325;1,4323;0,14634;0,010104;0,02945;0,019712;0,4303;0,00155
31.12.2008;2;74,53;1,169989333;0,661779844;29,812;-2945,613;44,6;5,622;8776,39;1,3971;1,4593;0,14655;0,011021;0,03401;0,02054;0,4321;0,00053
30.09.2008;2;104,28;0,945357838;0,537633883;21,6267;1190,825;100,64;7,438;10850,66;1,4092;1,7805;0,14601;0,009424;0,03899;0,021288;0,525;0,00113
30.06.2008;2;139;0,685696642;0,355236047;24,4993;1445,229;140;13,353;11350,01;1,5755;1,9923;0,1459;0,009415;0,04265;0,023202;0,6234;0,00188
31.03.2008;2;120,82;0,73977563;0,398965904;25,7432;1021,513;101,58;10,101;12262,89;1,5788;1,9837;0,14261;0,010031;0,04256;0,02493;0,5682;0,00206
31.12.2007;2;107,54;0,799783901;0,429516673;27,4853;1072,523;95,98;7,483;13264,82;1,4589;1,985;0,13691;0,008948;0,04059;0,025374;0,5634;0,00081
28.09.2007;2;90,06;0,922982415;0,48977509;33,1271;613,348;81,66;6,87;13895,63;1,4267;2,0473;0,13322;0,00871;0,04024;0,025148;0,5456;0,0091
29.06.2007;2;81,59;0,994221664;0,520708429;35,3551;633,538;70,68;6,773;13408,62;1,3541;2,0087;0,1313;0,008119;0,03883;0,024564;0,5184;0,01736
30.03.2007;2;70,7;1,112790446;0,574374584;37,2813;492,949;65,87;7,73;12354,35;1,3354;1,9678;0,12942;0,008487;0,03848;0,022978;0,4857;0,01321
29.12.2006;2;66,51;1,10505035;0,599665657;28,9736;520,841;61,05;6,299;12463,15;1,3197;1,9588;0,128;0,008399;0,03798;0,022595;0,4676;0,03242
29.09.2006;2;63,2;1,12522235;0,606901708;28,8753;647,064;62,91;5,62;11679,07;1,2674;1,8721;0,12652;0,008462;0,03732;0,021772;0,4598;0,03801
30.06.2006;2;68,25;0,975109933;0,526459736;29,3857;723,625;73,93;6,104;11150,22;1,2791;1,8483;0,1251;0,008739;0,03725;0,021713;0,462;0,04807
31.03.2006;2;65,51;0,924151729;0,520158841;20,8475;660,921;66,63;7,21;11109,32;1,2118;1,7372;0,12473;0,008491;0,03611;0,022411;0,4618;0,05033
30.12.2005;2;68,52;0,851983886;0,466014964;20,7967;788,222;61,04;11,225;10717,5;1,1849;1,723;0,1239;0,008494;0,03476;0,022204;0,4277;0,05011
30.09.2005;2;75,22;0,72077041;0,392130037;22,5686;686,995;66,24;13,921;10568,7;1,2026;1,7643;0,12356;0,008812;0,03503;0,02272;0,4484;0,04877
30.06.2005;2;64,6;0,794622646;0,432914561;26,9543;588,03;56,5;6,981;10274,97;1,2108;1,7915;0,12077;0,009015;0,03493;0,022973;0,4287;0,04981
31.03.2005;2;61,23;0,809011038;0,429159178;29,3569;560,483;55,4;7,653;10503,76;1,2964;1,8905;0,12082;0,009333;0,03587;0,022855;0,372;0,04607
31.12.2004;2;50,57;0,936166898;0,495450235;31,5487;508,428;43,45;6,149;10783,01;1,3554;1,9182;0,12082;0,009744;0,03606;0,022999;0,3769;0,04079
30.09.2004;2;50,11;0,893838085;0,468940671;35,6513;430,475;49,64;6,795;10080,27;1,2436;1,812;0,12082;0,009087;0,03422;0,021751;0,3496;0,03543
30.06.2004;2;43,55;0,933267502;0,512361673;30,1349;383,526;37,05;6,155;10435,48;1,22;1,8204;0,12082;0,009194;0,0344;0,02175;0,3243;0,03121
31.03.2004;2;43,17;0,910654291;0,489485077;31,8944;346,325;35,76;5,933;10357,7;1,2316;1,8462;0,12081;0,009591;0,0351;0,023;0,3454;0,02772
31.12.2003;2;40,55;0,943592175;0,496475074;35,6197;261,614;32,52;6,189;10453,92;1,2595;1,7858;0,12082;0,009327;0,0342;0,0219;0,346;0,02217
30.09.2003;2;34,67;1,090107577;0,560822878;39,9251;276,961;29,2;4,83;9275,06;1,1657;1,6618;0,12081;0,008968;0,0326;0,02185;0,3448;0,01705
30.06.2003;2;32,53;1,130098782;0,617396056;36,1515;244,381;30,19;5,411;8985,44;1,1512;1,6546;0,1208;0,008348;0,0329;0,0211;0,352;0,01266
31.03.2003;2;30,87;1,089700804;0,625438075;31,1427;338,929;31,04;5,06;7992,13;1,0915;1,5827;0,12081;0,008466;0,0319;0,02105;0,2982;0,00943
31.12.2002;2;27,1381;1,097440573;0,621920589;40,2696;180,819;31,2;4,789;8341,63;1,0492;1,61;0,12081;0,008416;0,0313;0,0209;0,2825;0,00922
30.09.2002;2;28,3095;1,080605482;0,607276976;41,6191;146,528;30,45;4,138;7591,93;0,9866;1,5684;0,12081;0,008215;0,03156;0,02067;0,2674;0,00943
28.06.2002;2;27,3714;1,108928099;0,62158531;42,9222;146,31;26,86;3,245;9243,26;0,9915;1,5335;0,12081;0,008363;0,03177;0,02045;0,3549;0,00851
28.03.2002;2;27,0857;1,146920572;0,630586029;46,2188;80,672;26,31;3,283;10403,94;0,8717;1,4259;0,12081;0,007534;0,03204;0,02049;0,4301;0,01113
31.12.2001;2;23,7524;1,306338861;0,71053969;46,1881;78,62;19,84;2,57;10021,5;0,8895;1,4546;0,12082;0,007595;0,03278;0,02072;0,4328;0,01195
28.09.2001;2;18,6147;1,691875926;0,90294495;47,7697;156,833;23,43;2,244;8847,56;0,9114;1,4744;0,12081;0,008364;0,03394;0,02089;0,3743;0,01552
29.06.2001;2;21,9697;1,41349008;0,684301015;60,7769;205,745;26,25;3,096;10502,4;0,849;1,4153;0,12082;0,008021;0,0343;0,02126;0,4309;0,01685
30.03.2001;2;24,9394;1,225835995;0,558191552;68,1571;282,201;26,29;5,025;9878,78;0,8767;1,4161;0,1208;0,007916;0,03477;0,02145;0,4651;0,01777
29.12.2000;2;30,3301;0,863749372;0,433452234;59,0804;257,119;26,8;9,775;10786,85;0,9427;1,493;0,12081;0,008741;0,03551;0,02141;0,5128;0,01725
29.09.2000;2;25,5952;0,924458027;0,479069208;56,1378;206,178;30,84;5,186;10650,92;0,8828;1,4754;0,12077;0,009247;0,03599;0,02173;0,5423;0,02371
30.06.2000;2;25,46;0,925861896;0,431489732;76,8092;145,337;32,5;4,476;10447,9;0,9525;1,5141;0,12079;0,009436;0,03562;0,02238;0,5556;0,03656
31.03.2000;2;21,5368;1,010559852;0,486836377;71,0162;116,304;26,9;2,945;10921,93;0,9555;1,5911;0,12079;0,009728;0,03489;0,02293;0,576;0,04286
31.12.1999;2;15,9903;1,306786246;0,633956062;70,6447;97,477;25,6;2,329;11497,12;1,0062;1,6182;0,12078;0,009755;0,03629;0,02296;0,5559;0,05895
30.09.1999;2;18,6959;1,000116989;0,520785679;56,3798;72,778;24,51;2,744;10336,96;1,0684;1,6473;0,1208;0,009405;0,03962;0,02292;0,5161;0,06209
30.06.1999;2;16,8831;1,102229941;0,564629701;62,1193;32,768;19,29;2,394;10970,81;1,0351;1,5778;0,12079;0,008258;0,04122;0,02305;0,549;0,05854
31.03.1999;2;11,2825;1,604863102;0,704301016;86,1605;-2,168;16,76;2,013;9786,16;1,0762;1,6112;0,12077;0,008413;0,0402;0,02356;0,5822;0,05871
31.12.1998;2;10,9578;1,614715536;0,728078728;75,4098;-159,18;12,05;1,945;9181,43;1,1736;1,66;0,12078;0,008779;0,04849;0,02353;0,8276;0,05328
30.09.1998;2;11,6071;1,581122072;0,748790102;66,7884;3,201;16,14;2,433;7842,62;1,1706;1,6989;0,1208;0,007328;0,06285;0,02355;0,8435;0,04851
30.06.1998;2;13,6364;1,345114025;0,611281767;76,1579;9,236;14,18;2,469;8952,01;1,0851;1,6679;0,12077;0,007206;0,16134;0,02357;0,8647;0,04779
31.03.1998;2;15,9091;1,143052204;0,524405774;73,9475;17,356;15,61;2,522;8799,8;1,0589;1,6725;0,12078;0,007515;0,16377;0,02532;0,8795;0,04475
31.12.1997;2;15,1786;1,265054089;0,528556782;87,821;45,488;17,64;2,264;7908,24;1,0909;1,6452;0,12078;0,007658;0,16784;0,02551;0,8961;0,04452
30.09.1997;2;18,5606;0,960974832;0,416752917;81,2837;30,785;21,18;3,082;7945,25;1,1106;1,6156;0,1207;0,008298;0,17061;0,02766;0,9124;0,04361
30.06.1997;2;14,0693;1,226347979;0,541209235;85,3933;25,746;19,8;2,139;7672,79;1,1255;1,6656;0,12061;0,008728;0,17295;0,02793;0,9289;0,05078
31.03.1997;2;14,5022;1,155535122;0,518395502;79,671;52,877;20,41;1,926;6583,47;1,1654;1,6374;0,12054;0,008078;0,17464;0,02787;0,9439;0,0512
31.12.1996;2;15,2056;1,083278913;0,479245435;81,5076;51,198;25,92;2,757;6448,26;1,2716;1,714;0,1205;0,008643;0,18018;0,02789;0,9629;0,05347
30.09.1996;2;12,8247;1,238316489;0,553887304;84,2668;30,137;24,38;2,214;5882,16;1,2804;1,5653;0,12045;0,008977;0,18532;0,02795;0,9794;0,051
28.06.1996;2;14,2316;1,077178843;0,49065976;80,7883;24,437;20,92;2,911;5654,62;1,2809;1,5527;0,12016;0,009114;0,19588;0,02849;0,9961;0,05167
31.12.2015;3;18,36;2,702285048;0,438389826;254,6663;-509;37,04;2,337;17425,03;1,0862;1,4736;0,154;0,008316;0,0137;0,015102;0,2525;0,05322
30.09.2015;3;18,04;2,805745804;0,522808177;213,1345;-391;45,09;2,524;16284,7;1,1177;1,5128;0,15732;0,008342;0,01529;0,015253;0,2533;0,05171
30.06.2015;3;19,03;2,760433267;0,555701768;188,2418;77;59,47;2,832;17619,51;1,1147;1,5712;0,16108;0,008163;0,01807;0,015722;0,3222;0,05032
31.03.2015;3;20,41;2,581852409;0,520926022;187,4071;131;47,6;2,64;17776,12;1,0731;1,4818;0,16129;0,008324;0,01718;0,016048;0,3128;0,05157
31.12.2014;3;23,43;2,302752385;0,451418873;194,7449;176;53,27;2,889;17823,07;1,2098;1,5577;0,16113;0,008355;0,01723;0,015813;0,3773;0,00295
30.09.2014;3;24,47;2,096394597;0,425307195;192,2423;143;91,16;4,121;17042,9;1,2631;1,6213;0,1629;0,00912;0,02526;0,016151;0,409;0,00201
30.06.2014;3;25,54;1,996905252;0,403116138;192,2486;107;105,37;4,461;16826,6;1,3692;1,7106;0,16117;0,009869;0,02942;0,016655;0,4518;0,00165
31.03.2014;3;23,69;2,186874174;0,433563717;193,9964;185;101,58;4,371;16457,66;1,3769;1,6662;0,16084;0,009687;0,02852;0,0167;0,4403;-0,00015
31.12.2013;3;23,18;2,199267514;0,435328261;193,0469;113;98,42;4,23;16576,66;1,3743;1,6557;0,16513;0,009497;0,03039;0,016165;0,4231;0,00008
30.09.2013;3;23,97;2,099857893;0,414715851;196,6909;151;102,33;3,56;15129,67;1,3527;1,6186;0,16339;0,01018;0,0309;0,015988;0,4505;0,00023
28.06.2013;3;23,49;2,151174295;0,416269807;205,2971;-100;96,56;3,565;14909,6;1,301;1,5213;0,16293;0,010086;0,03046;0,016755;0,4482;0,00041
28.03.2013;3;23,96;2,178737424;0,425715748;210,7069;147;97,23;4,024;14578,54;1,2819;1,5198;0,16101;0,010614;0,03218;0,018357;0,4945;0,00018
31.12.2012;3;19,25;2,775943682;0,522029372;227,7377;134;91,82;3,351;13104,14;1,3193;1,6255;0,16047;0,01153;0,03273;0,018236;0,4876;0,00023
28.09.2012;3;21,3;2,468776735;0,467570519;231,8534;10;92,19;3,32;13437,13;1,286;1,6167;0,15909;0,01283;0,03207;0,018911;0,4932;0,00033
29.06.2012;3;20,67;2,544128575;0,490374415;230,8633;126;84,96;2,824;12880,09;1,2667;1,5707;0,15735;0,01253;0,03089;0,018055;0,4971;0,00068
30.03.2012;3;19,72;2,652543251;0,508648399;233,8544;147;103,02;2,126;13212,04;1,3343;1,6008;0,15887;0,012068;0,03412;0,019627;0,5474;0,00008
30.12.2011;3;20,09;2,535888969;0,493319966;217,5983;117;98,83;2,989;12217,56;1,2961;1,5543;0,15872;0,013001;0,03108;0,018822;0,5363;0,00033
30.09.2011;3;19,62;2,507139772;0,503438357;215,4504;973;79,2;3,666;10913,38;1,3387;1,5584;0,15666;0,012983;0,031;0,020427;0,5318;0,00074
30.06.2011;3;19,35;2,388017142;0,402068445;274,2831;119;95,42;4,374;12414,34;1,4502;1,6053;0,15471;0,012413;0,03587;0,022411;0,6397;0,00043
31.03.2011;3;17,56;2,62315726;0,437237502;280,2511;148;106,72;4,389;12319,73;1,4158;1,6028;0,15272;0,012029;0,03523;0,022428;0,6126;0,00094
31.12.2010;3;15,72;3,010178117;0,478670858;296,4978;124;91,38;4,405;11577,51;1,3384;1,5612;0,1515;0,012323;0,03277;0,022365;0,6024;0,00084
30.09.2010;3;15,72;2,916515214;0,470425079;297,7948;123;79,97;3,872;10788,05;1,3634;1,5716;0,14948;0,011973;0,0327;0,022254;0,5928;0,00069
30.06.2010;3;13,16;3,519437559;0,551867136;313,917;80,998;75,63;4,616;9774,02;1,2238;1,4945;0,14746;0,011308;0,03199;0,021527;0,554;0,00013
31.03.2010;3;14,36;3,418594806;0,47857854;353,7837;114;83,76;3,869;10856,63;1,351;1,5184;0,14649;0,0107;0,03397;0,022306;0,5625;0,00023
31.12.2009;3;14,51;3,485205547;0,465152351;381,8492;105;79,36;5,572;10428,05;1,4321;1,617;0,14647;0,010753;0,03329;0,021493;0,5738;0,00015
30.09.2009;3;12,43;3,844536293;0,533408027;364,2581;114;70,61;4,841;9712,28;1,464;1,5982;0,1465;0,01115;0,03331;0,020789;0,5659;0,00094
30.06.2009;3;11,08;4,635819786;0,55405935;449,2624;86;69,89;3,835;8447;1,4033;1,6458;0,1464;0,010377;0,0321;0,020875;0,5121;0,00125
31.03.2009;3;10,43;5,164278698;0,568043202;504,3016;67;49,66;3,776;7608,92;1,325;1,4323;0,14634;0,010104;0,02945;0,019712;0,4303;0,00158
31.12.2008;3;12,62;4,506105549;0,463068989;527,547;87;44,6;5,622;8776,39;1,3971;1,4593;0,14655;0,011021;0,03401;0,02054;0,4321;0,00175
30.09.2008;3;14,57;3,808657544;0,412044235;499,1744;136;100,64;7,438;10850,66;1,4092;1,7805;0,14601;0,009424;0,03899;0,021288;0,525;0,00155
30.06.2008;3;16,05;3,29521066;0,358214702;501,9338;101;140;13,353;11350,01;1,5755;1,9923;0,1459;0,009415;0,04265;0,023202;0,6234;0,00053
31.03.2008;3;14,27;3,743321421;0,401336999;513,617;122;101,58;10,101;12262,89;1,5788;1,9837;0,14261;0,010031;0,04256;0,02493;0,5682;0,00113
31.12.2007;3;17,13;3,230079939;0,327128731;547,5691;108;95,98;7,483;13264,82;1,4589;1,985;0,13691;0,008948;0,04059;0,025374;0,5634;0,00188
28.09.2007;3;16,03;3,36036606;0,337143587;558,4677;91;81,66;6,87;13895,63;1,4267;2,0473;0,13322;0,00871;0,04024;0,025148;0,5456;0,00206
29.06.2007;3;17,4;3,091335867;0,301707223;565,9549;70;70,68;6,773;13408,62;1,3541;2,0087;0,1313;0,008119;0,03883;0,024564;0,5184;0,00081
30.03.2007;3;17,94;2,992115742;0,286412567;564,663;130;65,87;7,73;12354,35;1,3354;1,9678;0,12942;0,008487;0,03848;0,022978;0,4857;0,0091
29.12.2006;3;16,58;3,386975329;0,298879012;590,4242;67;61,05;6,299;12463,15;1,3197;1,9588;0,128;0,008399;0,03798;0,022595;0,4676;0,01736
29.09.2006;3;14,32;3,794964759;0,350362916;583,5992;83;62,91;5,62;11679,07;1,2674;1,8721;0,12652;0,008462;0,03732;0,021772;0,4598;0,01321
30.06.2006;3;12,5;4,289445046;0,38609883;611,7021;194;73,93;6,104;11150,22;1,2791;1,8483;0,1251;0,008739;0,03725;0,021713;0,462;0,03242
31.03.2006;3;11,93;4,419635923;0,362110765;659,9257;88;66,63;7,21;11109,32;1,2118;1,7372;0,12473;0,008491;0,03611;0,022411;0,4618;0,03801
30.12.2005;3;12,85;4,296723986;0,325342036;687,2685;81;61,04;11,225;10717,5;1,1849;1,723;0,1239;0,008494;0,03476;0,022204;0,4277;0,04807
30.09.2005;3;14,87;3,581205827;0,264165982;727,3399;50;66,24;13,921;10568,7;1,2026;1,7643;0,12356;0,008812;0,03503;0,02272;0,4484;0,05033
30.06.2005;3;13,21;3,887743707;0,288911707;749,3664;54;56,5;6,981;10274,97;1,2108;1,7915;0,12077;0,009015;0,03493;0,022973;0,4287;0,05011
31.03.2005;3;12,03;4,722518792;0,305363969;834,9069;67;55,4;7,653;10503,76;1,2964;1,8905;0,12082;0,009333;0,03587;0,022855;0,372;0,04877
31.12.2004;3;11,3;5,199402368;0,317779566;816,3653;100;43,45;6,149;10783,01;1,3554;1,9182;0,12082;0,009744;0,03606;0,022999;0,3769;0,04981
30.09.2004;3;10,36;6,137231209;0,268080727;1284,9096;-1136;49,64;6,795;10080,27;1,2436;1,812;0,12082;0,009087;0,03422;0,021751;0,3496;0,04607
30.06.2004;3;11,5;5,982853785;0,584256688;523,2696;57,652;37,05;6,155;10435,48;1,22;1,8204;0,12082;0,009194;0,0344;0,02175;0,3243;0,04079
31.03.2004;3;11,43;6,020938457;0,576539178;553,69;73,587;35,76;5,933;10357,7;1,2316;1,8462;0,12081;0,009591;0,0351;0,023;0,3454;0,03543
31.12.2003;3;9,69;7,230781863;0,65337544;567,3314;70,287;32,52;6,189;10453,92;1,2595;1,7858;0,12082;0,009327;0,0342;0,0219;0,346;0,03121
30.09.2003;3;9,17;7,161974111;0,642275558;617,892;181,725;29,2;4,83;9275,06;1,1657;1,6618;0,12081;0,008968;0,0326;0,02185;0,3448;0,02772
30.06.2003;3;8,15;8,010770159;0,65262958;684,2764;63,323;30,19;5,411;8985,44;1,1512;1,6546;0,1208;0,008348;0,0329;0,0211;0,352;0,02217
31.03.2003;3;7,05;9,515726476;0,742391613;717,7101;168,432;31,04;5,06;7992,13;1,0915;1,5827;0,12081;0,008466;0,0319;0,02105;0,2982;0,01705
31.12.2002;3;8,0104;7,890248509;0,548568113;777,4897;-62,99;31,2;4,789;8341,63;1,0492;1,61;0,12081;0,008416;0,0313;0,0209;0,2825;0,01266
30.09.2002;3;8,1328;6,335305096;0,636131952;554,2284;-4124,493;30,45;4,138;7591,93;0,9866;1,5684;0,12081;0,008215;0,03156;0,02067;0,2674;0,00943
28.06.2002;3;13,7308;7,584974222;1,664232356;212,5805;235,645;26,86;3,245;9243,26;0,9915;1,5335;0,12081;0,008363;0,03177;0,02045;0,3549;0,00922
28.03.2002;3;20,9536;4,822308059;1,074315343;206,2064;31,605;26,31;3,283;10403,94;0,8717;1,4259;0,12081;0,007534;0,03204;0,02049;0,4301;0,00943
31.12.2001;3;21,5467;3,891718684;0,926512037;131,8646;60,478;19,84;2,57;10021,5;0,8895;1,4546;0,12082;0,007595;0,03278;0,02072;0,4328;0,00851
28.09.2001;3;21,3843;4,117859799;1,129128819;104,0222;368,972;23,43;2,244;8847,56;0,9114;1,4744;0,12081;0,008364;0,03394;0,02089;0,3743;0,01113
29.06.2001;3;26,1697;3,555640893;0,926627968;117,9599;330,213;26,25;3,096;10502,4;0,849;1,4153;0,12082;0,008021;0,0343;0,02126;0,4309;0,01195
30.03.2001;3;36,7643;2,483079016;0,485651683;187,7153;276,494;26,29;5,025;9878,78;0,8767;1,4161;0,1208;0,007916;0,03477;0,02145;0,4651;0,01552
29.12.2000;3;35,1902;2,554866211;0,499437778;187,5785;-285,371;26,8;9,775;10786,85;0,9427;1,493;0,12081;0,008741;0,03551;0,02141;0,5128;0,01685
29.09.2000;3;37,7799;2,153467491;0,486639449;188,5872;402,817;30,84;5,186;10650,92;0,8828;1,4754;0,12077;0,009247;0,03599;0,02173;0,5423;0,01777
30.06.2000;3;24,0187;3,590250482;0,731848384;256,7207;236,743;32,5;4,476;10447,9;0,9525;1,5141;0,12079;0,009436;0,03562;0,02238;0,5556;0,01725
31.03.2000;3;19,1439;4,193339743;0,904959468;242,9515;147,045;26,9;2,945;10921,93;0,9555;1,5911;0,12079;0,009728;0,03489;0,02293;0,576;0,02371
31.12.1999;3;18,5853;3,934075416;0,893925111;201,2638;-34,7;25,6;2,329;11497,12;1,0062;1,6182;0,12078;0,009755;0,03629;0,02296;0,5559;0,03656
30.09.1999;3;21,9875;2,824941399;0,775397765;156,9483;1704,739;24,51;2,744;10336,96;1,0684;1,6473;0,1208;0,009405;0,03962;0,02292;0,5161;0,04286
30.06.1999;3;22,4445;2,470926817;0,593012634;201,397;88,752;19,29;2,394;10970,81;1,0351;1,5778;0,12079;0,008258;0,04122;0,02305;0,549;0,05895
31.03.1999;3;21,175;2,539977804;0,630476608;193,838;-199,898;16,76;2,013;9786,16;1,0762;1,6112;0,12077;0,008413;0,0402;0,02356;0,5822;0,06209
31.12.1998;3;26,0499;2,015453691;0,491170561;193,1979;-397,221;12,05;1,945;9181,43;1,1736;1,66;0,12078;0,008779;0,04849;0,02353;0,8276;0,05854
30.09.1998;3;25,2882;2,207974868;0,587169883;156,5141;259,058;16,14;2,433;7842,62;1,1706;1,6989;0,1208;0,007328;0,06285;0,02355;0,8435;0,05871
30.06.1998;3;25,0343;2,101110892;0,577498744;157,4394;48,884;14,18;2,469;8952,01;1,0851;1,6679;0,12077;0,007206;0,16134;0,02357;0,8647;0,05328
31.03.1998;3;23,3586;2,247976355;0,628344407;155,5807;-23,83;15,61;2,522;8799,8;1,0589;1,6725;0,12078;0,007515;0,16377;0,02532;0,8795;0,04851
31.12.1997;3;21,7336;2,43356452;0,694962603;144,4105;3,566;17,64;2,264;7908,24;1,0909;1,6452;0,12078;0,007658;0,16784;0,02551;0,8961;0,04779
30.09.1997;3;17,6713;2,929870038;0,878075337;135,623;251,05;21,18;3,082;7945,25;1,1106;1,6156;0,1207;0,008298;0,17061;0,02766;0,9124;0,04475
30.06.1997;3;17,4174;2,156928065;0,737491852;106,1677;128,715;19,8;2,139;7672,79;1,1255;1,6656;0,12061;0,008728;0,17295;0,02793;0,9289;0,04452
31.03.1997;3;16,9603;2,503574714;0,853252442;108,7511;66,264;20,41;1,926;6583,47;1,1654;1,6374;0,12054;0,008078;0,17464;0,02787;0,9439;0,04361
31.12.1996;3;18,3822;2,327596402;0,75557594;115,1283;41,572;25,92;2,757;6448,26;1,2716;1,714;0,1205;0,008643;0,18018;0,02789;0,9629;0,05078
30.09.1996;3;17,9759;2,285259762;0,824589169;95,4322;245,396;24,38;2,214;5882,16;1,2804;1,5653;0,12045;0,008977;0,18532;0,02795;0,9794;0,0512
28.06.1996;3;20,0071;1,996065951;0,721879007;97,9753;150,647;20,92;2,911;5654,62;1,2809;1,5527;0,12016;0,009114;0,19588;0,02849;0,9961;0,05347
31.12.2015;4;89,96;1,571060484;0,90853622;25,0783;-588;37,04;2,337;17425,03;1,0862;1,4736;0,154;0,008316;0,0137;0,015102;0,2525;0,051
30.09.2015;4;78,88;1,808284667;1,050405456;23,0066;2037;45,09;2,524;16284,7;1,1177;1,5128;0,15732;0,008342;0,01529;0,015253;0,2533;0,05167
30.06.2015;4;96,47;1,467821416;0,858757195;20,4694;571;59,47;2,832;17619,51;1,1147;1,5712;0,16108;0,008163;0,01807;0,015722;0,3222;0,05322
31.03.2015;4;104,98;1,36568825;0,795293916;21,6132;2567;47,6;2,64;17776,12;1,0731;1,4818;0,16129;0,008324;0,01718;0,016048;0,3128;0,05171
31.12.2014;4;112,18;1,26162979;0,740736689;17,8102;3471;53,27;2,889;17823,07;1,2098;1,5577;0,16113;0,008355;0,01723;0,015813;0,3773;0,05032
30.09.2014;4;119,32;1,17673613;0,697389643;16,3432;5593;91,16;4,121;17042,9;1,2631;1,6213;0,1629;0,00912;0,02526;0,016151;0,409;0,05157
30.06.2014;4;130,55;1,057035634;0,62421757;15,2171;5665;105,37;4,461;16826,6;1,3692;1,7106;0,16117;0,009869;0,02942;0,016655;0,4518;0,00295
31.03.2014;4;118,91;1,13487992;0,667160219;15,1861;4512;101,58;4,371;16457,66;1,3769;1,6662;0,16084;0,009687;0,02852;0,0167;0,4403;0,00201
31.12.2013;4;124,91;1,061602954;0,629327526;13,582;4930;98,42;4,23;16576,66;1,3743;1,6557;0,16513;0,009497;0,03039;0,016165;0,4231;0,00165
30.09.2013;4;121,5;1,060652846;0,625137159;12,7204;4950;102,33;3,56;15129,67;1,3527;1,6186;0,16339;0,01018;0,0309;0,015988;0,4505;-0,00015
28.06.2013;4;118,34;1,059363804;0,625787236;13,8481;5365;96,56;3,565;14909,6;1,301;1,5213;0,16293;0,010086;0,03046;0,016755;0,4482;0,00008
28.03.2013;4;118,82;1,026386431;0,611681524;9,996;6178;97,23;4,024;14578,54;1,2819;1,5198;0,16101;0,010614;0,03218;0,018357;0,4945;0,00023
31.12.2012;4;108,14;1,106719204;0,654734363;8,8456;7245;91,82;3,351;13104,14;1,3193;1,6255;0,16047;0,01153;0,03273;0,018236;0,4876;0,00041
28.09.2012;4;116,56;0,994454763;0,588360018;9,1907;5253;92,19;3,32;13437,13;1,286;1,6167;0,15909;0,01283;0,03207;0,018911;0,4932;0,00018
29.06.2012;4;105,5;1,059772392;0,634228698;7,7927;7210;84,96;2,824;12880,09;1,2667;1,5707;0,15735;0,01253;0,03089;0,018055;0,4971;0,00023
30.03.2012;4;107,21;1,015814731;0,597160462;7,3421;6471;103,02;2,126;13212,04;1,3343;1,6008;0,15887;0,012068;0,03412;0,019627;0,5474;0,00033
30.12.2011;4;106,4;0,993727776;0,579616818;8,309;5123;98,83;2,989;12217,56;1,2961;1,5543;0,15872;0,013001;0,03108;0,018822;0,5363;0,00068
30.09.2011;4;92,59;1,106878334;0,659878432;8,0073;7829;79,2;3,666;10913,38;1,3387;1,5584;0,15666;0,012983;0,031;0,020427;0,5318;0,00008
30.06.2011;4;102,84;0,979271588;0,565230452;9,8944;7732;95,42;4,374;12414,34;1,4502;1,6053;0,15471;0,012413;0,03587;0,022411;0,6397;0,00033
31.03.2011;4;107,49;0,901205348;0,512995095;10,442;6211;106,72;4,389;12319,73;1,4158;1,6028;0,15272;0,012029;0,03523;0,022428;0,6126;0,00074
31.12.2010;4;91,25;1,008660094;0,577625755;10,8458;5295;91,38;4,405;11577,51;1,3384;1,5612;0,1515;0,012323;0,03277;0,022365;0,6024;0,00043
30.09.2010;4;81,05;1,086395079;0,631271448;10,3132;3768;79,97;3,872;10788,05;1,3634;1,5716;0,14948;0,011973;0,0327;0,022254;0,5928;0,00094
30.06.2010;4;67,86;1,258776076;0,735061727;10,4426;5409;75,63;4,616;9774,02;1,2238;1,4945;0,14746;0,011308;0,03199;0,021527;0,554;0,00084
31.03.2010;4;75,83;1,109093837;0,630612798;10,8119;4552;83,76;3,869;10856,63;1,351;1,5184;0,14649;0,0107;0,03397;0,022306;0,5625;0,00069
31.12.2009;4;76,99;1,064994537;0,598811569;11,359;3070;79,36;5,572;10428,05;1,4321;1,617;0,14647;0,010753;0,03329;0,021493;0,5738;0,00013
30.09.2009;4;70,43;1,151624057;0,646240179;11,5564;3831;70,61;4,841;9712,28;1,464;1,5982;0,1465;0,01115;0,03331;0,020789;0,5659;0,00023
30.06.2009;4;66,25;1,21326719;0,665938059;13,6302;1745;69,89;3,835;8447;1,4033;1,6458;0,1464;0,010377;0,0321;0,020875;0,5121;0,00015
31.03.2009;4;67,24;1,182736949;0,651482368;13,8859;1837;49,66;3,776;7608,92;1,325;1,4323;0,14634;0,010104;0,02945;0,019712;0,4303;0,00094
31.12.2008;4;73,97;1,087094175;0,58762376;10,2173;4895;44,6;5,622;8776,39;1,3971;1,4593;0,14655;0,011021;0,03401;0,02054;0,4321;0,00125
30.09.2008;4;82,48;0,988828775;0,520133125;7,986;7893;100,64;7,438;10850,66;1,4092;1,7805;0,14601;0,009424;0,03899;0,021288;0,525;0,00158
30.06.2008;4;99,13;0,800678577;0,405057943;8,0782;5975;140;13,353;11350,01;1,5755;1,9923;0,1459;0,009415;0,04265;0,023202;0,6234;0,00175
31.03.2008;4;85,36;0,856576312;0,44509778;8,5542;5168;101,58;10,101;12262,89;1,5788;1,9837;0,14261;0,010031;0,04256;0,02493;0,5682;0,00155
31.12.2007;4;93,33;0,762613256;0,396165659;9,3567;4875;95,98;7,483;13264,82;1,4589;1,985;0,13691;0,008948;0,04059;0,025374;0,5634;0,00053
28.09.2007;4;93,58;0,706285204;0,380350631;8,0489;3718;81,66;6,87;13895,63;1,4267;2,0473;0,13322;0,00871;0,04024;0,025148;0,5456;0,00113
29.06.2007;4;84,24;0,765625607;0,407957807;11,0085;5380;70,68;6,773;13408,62;1,3541;2,0087;0,1313;0,008119;0,03883;0,024564;0,5184;0,00188
30.03.2007;4;73,96;0,85561197;0,450900198;13,8795;4715;65,87;7,73;12354,35;1,3354;1,9678;0,12942;0,008487;0,03848;0,022978;0,4857;0,00206
29.12.2006;4;73,53;0,833299995;0,434430851;14,2283;3772;61,05;6,299;12463,15;1,3197;1,9588;0,128;0,008399;0,03798;0,022595;0,4676;0,00081
29.09.2006;4;64,86;0,948564401;0,493862285;14,8835;5017;62,91;5,62;11679,07;1,2674;1,8721;0,12652;0,008462;0,03732;0,021772;0,4598;0,0091
30.06.2006;4;62,06;0,961702011;0,492181059;15,4147;4353;73,93;6,104;11150,22;1,2791;1,8483;0,1251;0,008739;0,03725;0,021713;0,462;0,01736
31.03.2006;4;57,97;0,994072308;0,506285709;18,6153;3996;66,63;7,21;11109,32;1,2118;1,7372;0,12473;0,008491;0,03611;0,022411;0,4618;0,01321
30.12.2005;4;56,77;0,992768244;0,496064595;20,4689;4144;61,04;11,225;10717,5;1,1849;1,723;0,1239;0,008494;0,03476;0,022204;0,4277;0,03242
30.09.2005;4;64,73;0,858869348;0,415537546;22,9478;3594;66,24;13,921;10568,7;1,2026;1,7643;0,12356;0,008812;0,03503;0,02272;0,4484;0,03801
30.06.2005;4;55,92;0,849871094;0,417796081;23,1453;3684;56,5;6,981;10274,97;1,2108;1,7915;0,12077;0,009015;0,03493;0,022973;0,4287;0,04807
31.03.2005;4;58,31;0,783041914;0,382166433;23,6243;2677;55,4;7,653;10503,76;1,2964;1,8905;0,12082;0,009333;0,03587;0,022855;0,372;0,05033
31.12.2004;4;52,51;0,842406824;0,410339827;24,8271;3440;43,45;6,149;10783,01;1,3554;1,9182;0,12082;0,009744;0,03606;0,022999;0,3769;0,05011
30.09.2004;4;53,64;0,800933823;0,378723257;27,5448;3201;49,64;6,795;10080,27;1,2436;1,812;0,12082;0,009087;0,03422;0,021751;0,3496;0,04877
30.06.2004;4;47,055;0,883561458;0,411217282;29,4168;4125;37,05;6,155;10435,48;1,22;1,8204;0,12082;0,009194;0,0344;0,02175;0,3243;0,04981
31.03.2004;4;43,89;0,906075561;0,409489047;32,2518;2562;35,76;5,933;10357,7;1,2316;1,8462;0,12081;0,009591;0,0351;0,023;0,3454;0,04607
31.12.2003;4;43,195;0,88205652;0,395858998;34,4529;1735;32,52;6,189;10453,92;1,2595;1,7858;0,12082;0,009327;0,0342;0,0219;0,346;0,04079
30.09.2003;4;35,725;1,064598919;0,464942901;37,3518;1975;29,2;4,83;9275,06;1,1657;1,6618;0,12081;0,008968;0,0326;0,02185;0,3448;0,03543
30.06.2003;4;36,1;1,044331923;0,446030528;38,0934;1600;30,19;5,411;8985,44;1,1512;1,6546;0,1208;0,008348;0,0329;0,0211;0,352;0,03121
31.03.2003;4;32,325;1,177132209;0,479745587;46,1536;1920;31,04;5,06;7992,13;1,0915;1,5827;0,12081;0,008466;0,0319;0,02105;0,2982;0,02772
31.12.2002;4;33,24;1,089413811;0,449332676;50,9888;904;31,2;4,789;8341,63;1,0492;1,61;0,12081;0,008416;0,0313;0,0209;0,2825;0,02217
30.09.2002;4;34,625;1,033488333;0,438273029;50,9485;-904;30,45;4,138;7591,93;0,9866;1,5684;0,12081;0,008215;0,03156;0,02067;0,2674;0,01705
28.06.2002;4;44,25;0,821395854;0,360139585;49,2568;407;26,86;3,245;9243,26;0,9915;1,5335;0,12081;0,008363;0,03177;0,02045;0,3549;0,01266
28.03.2002;4;45,135;0,81641475;0,357149023;51,8233;725;26,31;3,283;10403,94;0,8717;1,4259;0,12081;0,007534;0,03204;0,02049;0,4301;0,00943
31.12.2001;4;44,805;0,811136882;0,35804334;50,8688;-2522;19,84;2,57;10021,5;0,8895;1,4546;0,12082;0,007595;0,03278;0,02072;0,4328;0,00922
28.09.2001;4;42,375;0,817790894;0,422458262;28,6224;1269;23,43;2,244;8847,56;0,9114;1,4744;0,12081;0,008364;0,03394;0,02089;0,3743;0,00943
29.06.2001;4;45,25;0,757722174;0,382240781;30,1881;2108;26,25;3,096;10502,4;0,849;1,4153;0,12082;0,008021;0,0343;0,02126;0,4309;0,00851
30.03.2001;4;43,9;0,760196272;0,377284041;31,4353;2433;26,29;5,025;9878,78;0,8767;1,4161;0,1208;0,007916;0,03477;0,02145;0,4651;0,01113
29.12.2000;4;42,2188;0,863420456;0,379479636;46,651;2039;26,8;9,775;10786,85;0,9427;1,493;0,12081;0,008741;0,03551;0,02141;0,5128;0,01195
29.09.2000;4;42,625;0,761145511;0,345719361;37,3916;1531;30,84;5,186;10650,92;0,8828;1,4754;0,12077;0,009247;0,03599;0,02173;0,5423;0,01552
30.06.2000;4;42,4063;0,747510522;0,338726431;40,2293;1116;32,5;4,476;10447,9;0,9525;1,5141;0,12079;0,009436;0,03562;0,02238;0,5556;0,01685
31.03.2000;4;46,2188;0,684443527;0,298756472;49,4974;1044;26,9;2,945;10921,93;0,9555;1,5911;0,12079;0,009728;0,03489;0,02293;0,576;0,01777
31.12.1999;4;43,3125;0,715281059;0,312174769;50,2507;809;25,6;2,329;11497,12;1,0062;1,6182;0,12078;0,009755;0,03629;0,02296;0,5559;0,01725
30.09.1999;4;44,375;0,689397545;0,29737169;48,0196;582;24,51;2,744;10336,96;1,0684;1,6473;0,1208;0,009405;0,03962;0,02292;0,5161;0,02371
30.06.1999;4;47,5313;0,615864444;0,274975568;47,358;350;19,29;2,394;10970,81;1,0351;1,5778;0,12079;0,008258;0,04122;0,02305;0,549;0,03656
31.03.1999;4;44,375;0,649368374;0,295573859;47,3124;329;16,76;2,013;9786,16;1,0762;1,6112;0,12077;0,008413;0,0402;0,02356;0,5822;0,04286
31.12.1998;4;41,4688;0,674663366;0,314510558;44,3701;-206;12,05;1,945;9181,43;1,1736;1,66;0,12078;0,008779;0,04849;0,02353;0,8276;0,05895
30.09.1998;4;42,0313;0,666812728;0,320733823;40,7959;461;16,14;2,433;7842,62;1,1706;1,6989;0,1208;0,007328;0,06285;0,02355;0,8435;0,06209
30.06.1998;4;41,875;0,660050084;0,322471395;41,0943;577;14,18;2,469;8952,01;1,0851;1,6679;0,12077;0,007206;0,16134;0,02357;0,8647;0,05854
31.03.1998;4;40,1563;0,682493975;0,332718193;40,4474;507;15,61;2,522;8799,8;1,0589;1,6725;0,12078;0,007515;0,16377;0,02532;0,8795;0,05871
31.12.1997;4;38,5;0,70234261;0,345934375;34,7299;875;17,64;2,264;7908,24;1,0909;1,6452;0,12078;0,007658;0,16784;0,02551;0,8961;0,05328
30.09.1997;4;41,5313;0,650229408;0,312603594;36,4569;727;21,18;3,082;7945,25;1,1106;1,6156;0,1207;0,008298;0,17061;0,02766;0,9124;0,04851
30.06.1997;4;36,9688;0,72216014;0,341815993;38,9278;823;19,8;2,139;7672,79;1,1255;1,6656;0,12061;0,008728;0,17295;0,02793;0,9289;0,04779
31.03.1997;4;34,8125;0,767448756;0,354810702;42,0182;831;20,41;1,926;6583,47;1,1654;1,6374;0,12054;0,008078;0,17464;0,02787;0,9439;0,04475
31.12.1996;4;32,5;0,820706884;0,367874667;42,8471;464;25,92;2,757;6448,26;1,2716;1,714;0,1205;0,008643;0,18018;0,02789;0,9629;0,04452
30.09.1996;4;31,3125;0,858560433;0,379265443;48,2383;655;24,38;2,214;5882,16;1,2804;1,5653;0,12045;0,008977;0,18532;0,02795;0,9794;0,04361
28.06.1996;4;29,5;0,89992423;0,394628901;48,8156;872;20,92;2,911;5654,62;1,2809;1,5527;0,12016;0,009114;0,19588;0,02849;0,9961;0,05078
31.12.2015;5;48,48;2,465839168;1,471138613;32,4984;-1821;37,04;2,337;17425,03;1,0862;1,4736;0,154;0,008316;0,0137;0,015102;0,2525;0,0512
30.09.2015;5;50,06;2,545450013;1,561441152;29,2984;-279;45,09;2,524;16284,7;1,1177;1,5128;0,15732;0,008342;0,01529;0,015253;0,2533;0,05347
30.06.2015;5;66,88;1,852131283;1,099204861;28,2282;-567;59,47;2,832;17619,51;1,1147;1,5712;0,16108;0,008163;0,01807;0,015722;0,3222;0,051
31.03.2015;5;67,87;1,850895079;1,110865175;27,5996;-389;47,6;2,64;17776,12;1,0731;1,4818;0,16129;0,008324;0,01718;0,016048;0,3128;0,05167
31.12.2014;5;73,82;1,820207895;1,05780301;26,8235;-8;53,27;2,889;17823,07;1,2098;1,5577;0,16113;0,008355;0,01723;0,015813;0,3773;0,05322
30.09.2014;5;94,32;1,453080392;0,864046461;24,6091;1008;91,16;4,121;17042,9;1,2631;1,6213;0,1629;0,00912;0,02526;0,016151;0,409;0,05171
30.06.2014;5;98,89;1,349648733;0,800305453;24,9528;931;105,37;4,461;16826,6;1,3692;1,7106;0,16117;0,009869;0,02942;0,016655;0,4518;0,05032
31.03.2014;5;82,88;1,590686533;0,930895687;23,0014;386;101,58;4,371;16457,66;1,3769;1,6662;0,16084;0,009687;0,02852;0,0167;0,4403;0,05157
31.12.2013;5;83;1,583418338;0,917889323;23,3941;1925;98,42;4,23;16576,66;1,3743;1,6557;0,16513;0,009497;0,03039;0,016165;0,4231;0,00295
30.09.2013;5;77,34;1,604714976;0,913204469;26,0423;420;102,33;3,56;15129,67;1,3527;1,6186;0,16339;0,01018;0,0309;0,015988;0,4505;0,00201
28.06.2013;5;66,49;1,81441111;1,049939112;24,1939;1431;96,56;3,565;14909,6;1,301;1,5213;0,16293;0,010086;0,03046;0,016755;0,4482;0,00165
28.03.2013;5;71,61;1,723875862;0,916262861;32,7458;1276;97,23;4,024;14578,54;1,2819;1,5198;0,16101;0,010614;0,03218;0,018357;0,4945;-0,00015
31.12.2012;5;52,96;2,401740102;1,17225882;38,254;374;91,82;3,351;13104,14;1,3193;1,6255;0,16047;0,01153;0,03273;0,018236;0,4876;0,00008
28.09.2012;5;53,72;2,30064382;1,125577944;37,9673;557;92,19;3,32;13437,13;1,286;1,6167;0,15909;0,01283;0,03207;0,018911;0,4932;0,00023
29.06.2012;5;43,45;2,737029324;1,345062498;39,3056;549;84,96;2,824;12880,09;1,2667;1,5707;0,15735;0,01253;0,03089;0,018055;0,4971;0,00041
30.03.2012;5;58,95;2,018425679;0,951287444;36,4253;545;103,02;2,126;13212,04;1,3343;1,6008;0,15887;0,012068;0,03412;0,019627;0,5474;0,00018
30.12.2011;5;56,8;2,026655071;0,962785443;32,5785;-131;98,83;2,989;12217,56;1,2961;1,5543;0,15872;0,013001;0,03108;0,018822;0,5363;0,00023
30.09.2011;5;52,46;2,094031603;1,060727758;29,5654;298;79,2;3,666;10913,38;1,3387;1,5584;0,15666;0,012983;0,031;0,020427;0,5318;0,00033
30.06.2011;5;74,76;1,455789607;0,743971418;29,3113;607;95,42;4,374;12414,34;1,4502;1,6053;0,15471;0,012413;0,03587;0,022411;0,6397;0,00068
31.03.2011;5;85,21;1,265533682;0,625806526;30,6453;929;106,72;4,389;12319,73;1,4158;1,6028;0,15272;0,012029;0,03523;0,022428;0,6126;0,00008
31.12.2010;5;76,54;1,369490752;0,650349476;33,2143;58;91,38;4,405;11577,51;1,3384;1,5612;0,1515;0,012323;0,03277;0,022365;0,6024;0,00033
30.09.2010;5;59,12;1,724187416;0,81500488;35,2793;1154;79,97;3,872;10788,05;1,3634;1,5716;0,14948;0,011973;0,0327;0,022254;0,5928;0,00074
30.06.2010;5;50,34;1,78434656;0,878866289;29,7729;375;75,63;4,616;9774,02;1,2238;1,4945;0,14746;0,011308;0,03199;0,021527;0,554;0,00043
31.03.2010;5;62,55;1,458251869;0,68299105;30,9047;538;83,76;3,869;10856,63;1,351;1,5184;0,14649;0,0107;0,03397;0,022306;0,5625;0,00094
31.12.2009;5;60,5;1,488330171;0,683323623;33,0204;358;79,36;5,572;10428,05;1,4321;1,617;0,14647;0,010753;0,03329;0,021493;0,5738;0,00084
30.09.2009;5;53,46;1,626345393;0,74388559;33,6665;341;70,61;4,841;9712,28;1,464;1,5982;0,1465;0,01115;0,03331;0,020789;0,5659;0,00069
30.06.2009;5;53,75;1,64491302;0,704133814;34,8441;100;69,89;3,835;8447;1,4033;1,6458;0,1464;0,010377;0,0321;0,020875;0,5121;0,00013
31.03.2009;5;54,2;1,604076884;0,684382818;35,6772;-59;49,66;3,776;7608,92;1,325;1,4323;0,14634;0,010104;0,02945;0,019712;0,4303;0,00023
31.12.2008;5;53,64;1,634238549;0,703507427;32,1362;-74;44,6;5,622;8776,39;1,3971;1,4593;0,14655;0,011021;0,03401;0,02054;0,4321;0,00015
30.09.2008;5;82,08;1,105155216;0,457000252;32,1478;775;100,64;7,438;10850,66;1,4092;1,7805;0,14601;0,009424;0,03899;0,021288;0,525;0,00094
30.06.2008;5;126,19;0,748742823;0,270423332;35,5341;900;140;13,353;11350,01;1,5755;1,9923;0,1459;0,009415;0,04265;0,023202;0,6234;0,00125
31.03.2008;5;88,18;0,948533432;0,377650652;36,8201;759;101,58;10,101;12262,89;1,5788;1,9837;0,14261;0,010031;0,04256;0,02493;0,5682;0,00158
31.12.2007;5;100,86;0,808115707;0,302266386;40,7203;510;95,98;7,483;13264,82;1,4589;1,985;0,13691;0,008948;0,04059;0,025374;0,5634;0,00175
28.09.2007;5;66,53;1,126244075;0,447420409;41,9077;395;81,66;6,87;13895,63;1,4267;2,0473;0,13322;0,00871;0,04024;0,025148;0,5456;0,00155
29.06.2007;5;58,96;1,239389332;0,484672327;43,9199;557;70,68;6,773;13408,62;1,3541;2,0087;0,1313;0,008119;0,03883;0,024564;0,5184;0,00053
30.03.2007;5;55,47;1,291354129;0,48939293;48,0785;370;65,87;7,73;12354,35;1,3354;1,9678;0,12942;0,008487;0,03848;0,022978;0,4857;0,00113
29.12.2006;5;49,57;1,437167105;0,521727137;46,2993;358;61,05;6,299;12463,15;1,3197;1,9588;0,128;0,008399;0,03798;0,022595;0,4676;0,00188
29.09.2006;5;41,42;1,857101919;0,663772037;48,8357;297;62,91;5,62;11679,07;1,2674;1,8721;0,12652;0,008462;0,03732;0,021772;0,4598;0,00206
30.06.2006;5;52,85;1,432907586;0,482807028;52,7242;566;73,93;6,104;11150,22;1,2791;1,8483;0,1251;0,008739;0,03725;0,021713;0,462;0,00081
31.03.2006;5;47,4667;1,494087007;0,507846823;55,8515;699;66,63;7,21;11109,32;1,2118;1,7372;0,12473;0,008491;0,03611;0,022411;0,4618;0,0091
30.12.2005;5;42,2733;1,619554272;0,532593155;60,2132;452;61,04;11,225;10717,5;1,1849;1,723;0,1239;0,008494;0,03476;0,022204;0,4277;0,01736
30.09.2005;5;45,8333;1,473932098;0,431821846;68,5554;272;66,24;13,921;10568,7;1,2026;1,7643;0,12356;0,008812;0,03503;0,02272;0,4484;0,01321
30.06.2005;5;35,5033;1,764712827;0,53237542;71,8815;299;56,5;6,981;10274,97;1,2108;1,7915;0,12077;0,009015;0,03493;0,022973;0,4287;0,03242
31.03.2005;5;32,07;1,904544277;0,565868972;76,1242;219;55,4;7,653;10503,76;1,2964;1,8905;0,12082;0,009333;0,03587;0,022855;0,372;0,03801
31.12.2004;5;27,46;2,15896228;0,740786653;68,5188;229;43,45;6,149;10783,01;1,3554;1,9182;0,12082;0,009744;0,03606;0,022999;0,3769;0,04807
30.09.2004;5;29,6667;1,928990353;0,644958262;72,9139;178;49,64;6,795;10080,27;1,2436;1,812;0,12082;0,009087;0,03422;0,021751;0,3496;0,05033
30.06.2004;5;26,3967;2,015325284;0,771299041;69,8581;288;37,05;6,155;10435,48;1,22;1,8204;0,12082;0,009194;0,0344;0,02175;0,3243;0,05011
31.03.2004;5;21,76;2,402134503;0,934068878;71,5613;281;35,76;5,933;10357,7;1,2316;1,8462;0,12081;0,009591;0,0351;0,023;0,3454;0,04877
31.12.2003;5;17,7233;2,926366014;1,117556641;73,8015;68;32,52;6,189;10453,92;1,2595;1,7858;0,12082;0,009327;0,0342;0,0219;0,346;0,04981
30.09.2003;5;16,7;2,933960287;1,046907032;95,2482;146;29,2;4,83;9275,06;1,1657;1,6618;0,12081;0,008968;0,0326;0,02185;0,3448;0,04607
30.06.2003;5;16,3933;3,074628653;1,033843884;101,5089;252;30,19;5,411;8985,44;1,1512;1,6546;0,1208;0,008348;0,0329;0,0211;0,352;0,04079
31.03.2003;5;14,7533;3,508103448;1,101950993;110,5563;176;31,04;5,06;7992,13;1,0915;1,5827;0,12081;0,008466;0,0319;0,02105;0,2982;0,03543
31.12.2002;5;18,35;2,700977238;0,865363617;117,4865;-371;31,2;4,789;8341,63;1,0492;1,61;0,12081;0,008416;0,0313;0,0209;0,2825;0,03121
30.09.2002;5;22,6267;2,250550164;0,773415016;108,5415;-136;30,45;4,138;7591,93;0,9866;1,5684;0,12081;0,008215;0,03156;0,02067;0,2674;0,02772
28.06.2002;5;27,5;1,882962127;0,672253612;107,1328;149;26,86;3,245;9243,26;0,9915;1,5335;0,12081;0,008363;0,03177;0,02045;0,3549;0,02217
28.03.2002;5;26,4533;2,005806812;0,680121756;115,681;141;26,31;3,283;10403,94;0,8717;1,4259;0,12081;0,007534;0,03204;0,02049;0,4301;0,01705
31.12.2001;5;20,8333;2,770530625;0,884572437;115,4473;54;19,84;2,57;10021,5;0,8895;1,4546;0,12082;0,007595;0,03278;0,02072;0,4328;0,01266
28.09.2001;5;21,1667;2,715018655;0,855823028;114,0249;167;23,43;2,244;8847,56;0,9114;1,4744;0,12081;0,008364;0,03394;0,02089;0,3743;0,00943
29.06.2001;5;26,9333;1,501909515;0,638836881;49,34;357;26,25;3,096;10502,4;0,849;1,4153;0,12082;0,008021;0,0343;0,02126;0,4309;0,00922
30.03.2001;5;26,04;1,471411365;0,615505476;47,6435;337;26,29;5,025;9878,78;0,8767;1,4161;0,1208;0,007916;0,03477;0,02145;0,4651;0,00943
29.12.2000;5;24,3542;1,584550262;0,59887178;52,7942;340;26,8;9,775;10786,85;0,9427;1,493;0,12081;0,008741;0,03551;0,02141;0,5128;0,00851
29.09.2000;5;22,3125;1,529611647;0,597575705;56,4211;257;30,84;5,186;10650,92;0,8828;1,4754;0,12077;0,009247;0,03599;0,02173;0,5423;0,01113
30.06.2000;5;20,5833;1,59635961;0,612656931;62,0305;202;32,5;4,476;10447,9;0,9525;1,5141;0,12079;0,009436;0,03562;0,02238;0,5556;0,01195
31.03.2000;5;21,5417;1,372153094;0,555078112;62,8;224;26,9;2,945;10921,93;0,9555;1,5911;0,12079;0,009728;0,03489;0,02293;0,576;0,01552
31.12.1999;5;18,9167;1,501732868;0,590414471;76,0216;131,095;25,6;2,329;11497,12;1,0062;1,6182;0,12078;0,009755;0,03629;0,02296;0,5559;0,01685
30.09.1999;5;20,4167;1,429140253;0,526874862;82,0431;158;24,51;2,744;10336,96;1,0684;1,6473;0,1208;0,009405;0,03962;0,02292;0,5161;0,01777
30.06.1999;5;19,8333;1,522814739;0,513771003;97,394;77;19,29;2,394;10970,81;1,0351;1,5778;0,12079;0,008258;0,04122;0,02305;0,549;0,01725
31.03.1999;5;16,9583;1,734504314;0,58589629;99,7135;71;16,76;2,013;9786,16;1,0762;1,6112;0,12077;0,008413;0,0402;0,02356;0,5822;0,02371
31.12.1998;5;16,5833;1,753620885;0,588044156;100,3425;-418,261;12,05;1,945;9181,43;1,1736;1,66;0,12078;0,008779;0,04849;0,02353;0,8276;0,03656
30.09.1998;5;19,2292;1,658413842;0,595936522;86,5742;-6,319;16,14;2,433;7842,62;1,1706;1,6989;0,1208;0,007328;0,06285;0,02355;0,8435;0,04286
30.06.1998;5;18,1042;1,574423043;0,633891099;75,4962;-21,719;14,18;2,469;8952,01;1,0851;1,6679;0,12077;0,007206;0,16134;0,02357;0,8647;0,05895
31.03.1998;5;19,4375;1,440455584;0,600291437;68,1932;-12,594;15,61;2,522;8799,8;1,0589;1,6725;0,12078;0,007515;0,16377;0,02532;0,8795;0,06209
31.12.1997;5;18,2917;1,581113733;0,6407851;33,54;-61,424;17,64;2,264;7908,24;1,0909;1,6452;0,12078;0,007658;0,16784;0,02551;0,8961;0,05854
30.09.1997;5;20,5625;1,350597922;0,581738922;61,7846;22,679;21,18;3,082;7945,25;1,1106;1,6156;0,1207;0,008298;0,17061;0,02766;0,9124;0,05871
30.06.1997;5;18,5208;1,441523947;0,648585655;56,7911;41,657;19,8;2,139;7672,79;1,1255;1,6656;0,12061;0,008728;0,17295;0,02793;0,9289;0,05328
31.03.1997;5;17,6667;1,500158171;0,674763038;52,5189;4,588;20,41;1,926;6583,47;1,1654;1,6374;0,12054;0,008078;0,17464;0,02787;0,9439;0,04851
31.12.1996;5;19,2917;1,447536308;0,629191429;56,729;119,848;25,92;2,757;6448,26;1,2716;1,714;0,1205;0,008643;0,18018;0,02789;0,9629;0,04779
30.09.1996;5;17,625;1,483282111;0,650312121;56,4225;97,827;24,38;2,214;5882,16;1,2804;1,5653;0,12045;0,008977;0,18532;0,02795;0,9794;0,04475
28.06.1996;5;17,875;1,408927478;0,622978661;53,8849;376,447;20,92;2,911;5654,62;1,2809;1,5527;0,12016;0,009114;0,19588;0,02849;0,9961;0,04452
31.12.2015;6;22,45;2,975991301;1,374024246;57,6528;-587,132;37,04;2,337;17425,03;1,0862;1,4736;0,154;0,008316;0,0137;0,015102;0,2525;0,04361
30.09.2015;6;24,2;3,033381348;1,448103813;55,4016;-1595,426;45,09;2,524;16284,7;1,1177;1,5128;0,15732;0,008342;0,01529;0,015253;0,2533;0,05078
30.06.2015;6;41,57;2,109641402;1,095351534;41,6958;-73,834;59,47;2,832;17619,51;1,1147;1,5712;0,16108;0,008163;0,01807;0,015722;0,3222;0,0512
31.03.2015;6;46,6;1,828070183;0,989283217;31,8549;-14,441;47,6;2,64;17776,12;1,0731;1,4818;0,16129;0,008324;0,01718;0,016048;0,3128;0,05347
31.12.2014;6;50,52;1,864974282;0,956080149;34,7942;375,238;53,27;2,889;17823,07;1,2098;1,5577;0,16113;0,008355;0,01723;0,015813;0,3773;0,051
30.09.2014;6;56,91;1,76669281;0,831830389;47,9127;245,707;91,16;4,121;17042,9;1,2631;1,6213;0,1629;0,00912;0,02526;0,016151;0,409;0,05167
30.06.2014;6;66,48;1,5141044;0,711472186;45,5011;129,412;105,37;4,461;16826,6;1,3692;1,7106;0,16117;0,009869;0,02942;0,016655;0,4518;0,05322
31.03.2014;6;62,86;1,555948529;0,736175509;41,5009;155,253;101,58;4,371;16457,66;1,3769;1,6662;0,16084;0,009687;0,02852;0,0167;0,4403;0,05171
31.12.2013;6;64,88;1,471457596;0,722365788;34,4684;75,421;98,42;4,23;16576,66;1,3743;1,6557;0,16513;0,009497;0,03039;0,016165;0,4231;0,05032
30.09.2013;6;60,32;1,550794407;0,790691662;29,2103;284,809;102,33;3,56;15129,67;1,3527;1,6186;0,16339;0,01018;0,0309;0,015988;0,4505;0,05157
28.06.2013;6;52,5472;1,654263322;0,802674411;33,5404;402,644;96,56;3,565;14909,6;1,301;1,5213;0,16293;0,010086;0,03046;0,016755;0,4482;0,00295
28.03.2013;6;54,9981;1,458552777;0,750856936;27,4373;360,599;97,23;4,024;14578,54;1,2819;1,5198;0,16101;0,010614;0,03218;0,018357;0,4945;0,00201
31.12.2012;6;51,3908;1,543479332;0,787657787;25,1089;158,687;91,82;3,351;13104,14;1,3193;1,6255;0,16047;0,01153;0,03273;0,018236;0,4876;0,00165
28.09.2012;6;46,3337;1,58997686;0,921674076;12,3183;226,681;92,19;3,32;13437,13;1,286;1,6167;0,15909;0,01283;0,03207;0,018911;0,4932;-0,00015
29.06.2012;6;43,3996;1,535521205;0,952448141;8,5073;295,437;84,96;2,824;12880,09;1,2667;1,5707;0,15735;0,01253;0,03089;0,018055;0,4971;0,00008
30.03.2012;6;48,5602;1,367125113;0,83463686;6,5752;290,071;103,02;2,126;13212,04;1,3343;1,6008;0,15887;0,012068;0,03412;0,019627;0,5474;0,00023
30.12.2011;6;48,1028;1,309313363;0,812955178;6,8299;-113,928;98,83;2,989;12217,56;1,2961;1,5543;0,15872;0,013001;0,03108;0,018822;0,5363;0,00041
30.09.2011;6;38,1095;1,812685846;1,040068722;14,9017;406,114;79,2;3,666;10913,38;1,3387;1,5584;0,15666;0,012983;0,031;0,020427;0,5318;0,00018
30.06.2011;6;56,6636;1,225166095;0,694878256;17,3796;311,613;95,42;4,374;12414,34;1,4502;1,6053;0,15471;0,012413;0,03587;0,022411;0,6397;0,00023
31.03.2011;6;63,3604;1,048076898;0,600733655;11,4219;268,903;106,72;4,389;12319,73;1,4158;1,6028;0,15272;0,012029;0,03523;0,022428;0,6126;0,00033
31.12.2010;6;64,3356;0,990074976;0,5703668;11,4566;174,069;91,38;4,405;11577,51;1,3384;1,5612;0,1515;0,012323;0,03277;0,022365;0,6024;0,00068
30.09.2010;6;53,4361;1,152902387;0,668851144;12,8575;202,832;79,97;3,872;10788,05;1,3634;1,5716;0,14948;0,011973;0,0327;0,022254;0,5928;0,00008
30.06.2010;6;42,7609;1,425529481;0,806764153;16,0303;272,289;75,63;4,616;9774,02;1,2238;1,4945;0,14746;0,011308;0,03199;0,021527;0,554;0,00033
31.03.2010;6;48,4912;1,224030128;0,702044536;16,3004;148,891;83,76;3,869;10856,63;1,351;1,5184;0,14649;0,0107;0,03397;0,022306;0,5625;0,00074
31.12.2009;6;46,7738;1,231492616;0,709181733;18,4211;318,87;79,36;5,572;10428,05;1,4321;1,617;0,14647;0,010753;0,03329;0,021493;0,5738;0,00043
30.09.2009;6;49,6821;1,117091197;0,63241026;21,2888;188,877;70,61;4,841;9712,28;1,464;1,5982;0,1465;0,01115;0,03331;0,020789;0,5659;0,00094
30.06.2009;6;46,8774;1,168266633;0,640378094;23,0704;158,77;69,89;3,835;8447;1,4033;1,6458;0,1464;0,010377;0,0321;0,020875;0,5121;0,00084
31.03.2009;6;38,6359;1,295417871;0,742277724;15,7136;171,104;49,66;3,776;7608,92;1,325;1,4323;0,14634;0,010104;0,02945;0,019712;0,4303;0,00069
31.12.2008;6;38,2734;1,318147394;0,742353775;16,3853;127,368;44,6;5,622;8776,39;1,3971;1,4593;0,14655;0,011021;0,03401;0,02054;0,4321;0,00013
30.09.2008;6;55,3519;0,9683313;0,533611993;16,3987;584,422;100,64;7,438;10850,66;1,4092;1,7805;0,14601;0,009424;0,03899;0,021288;0,525;0,00023
30.06.2008;6;84,6158;0,655051102;0,324893017;25,4381;619,204;140;13,353;11350,01;1,5755;1,9923;0,1459;0,009415;0,04265;0,023202;0,6234;0,00015
31.03.2008;6;70,8857;0,72161827;0,348780907;31,5871;408,992;101,58;10,101;12262,89;1,5788;1,9837;0,14261;0,010031;0,04256;0,02493;0,5682;0,00094
31.12.2007;6;73,2157;0,654589683;0,316429311;30,0199;206,118;95,98;7,483;13264,82;1,4589;1,985;0,13691;0,008948;0,04059;0,025374;0,5634;0,00125
28.09.2007;6;60,3141;0,720555438;0,371029715;30,7579;199,535;81,66;6,87;13895,63;1,4267;2,0473;0,13322;0,00871;0,04024;0,025148;0,5456;0,00158
29.06.2007;6;51,2959;0,766527426;0,411148582;24,3277;250,242;70,68;6,773;13408,62;1,3541;2,0087;0,1313;0,008119;0,03883;0,024564;0,5184;0,00175
30.03.2007;6;46,0834;0,80395247;0,42385575;22,7876;110,634;65,87;7,73;12354,35;1,3354;1,9678;0,12942;0,008487;0,03848;0,022978;0,4857;0,00155
29.12.2006;6;43,8828;0,78455909;0,434534791;20,4458;89,737;61,05;6,299;12463,15;1,3197;1,9588;0,128;0,008399;0,03798;0,022595;0,4676;0,00053
29.09.2006;6;41,035;0,825934532;0,45699547;19,3549;222,775;62,91;5,62;11679,07;1,2674;1,8721;0,12652;0,008462;0,03732;0,021772;0,4598;0,00113
30.06.2006;6;48,2064;0,680430608;0,368519203;22,8838;216,174;73,93;6,104;11150,22;1,2791;1,8483;0,1251;0,008739;0,03725;0,021713;0,462;0,00188
31.03.2006;6;42,994;0,699861541;0,383513613;17,2187;115,983;66,63;7,21;11109,32;1,2118;1,7372;0,12473;0,008491;0,03611;0,022411;0,4618;0,00206
30.12.2005;6;46,5926;0,634360531;0,344745491;17,7424;154,6;61,04;11,225;10717,5;1,1849;1,723;0,1239;0,008494;0,03476;0,022204;0,4277;0,00081
30.09.2005;6;43,0371;0,674780537;0,357955142;19,0618;230,948;66,24;13,921;10568,7;1,2026;1,7643;0,12356;0,008812;0,03503;0,02272;0,4484;0,0091
30.06.2005;6;45,0737;0,607711427;0,315421245;21,0732;347,793;56,5;6,981;10274,97;1,2108;1,7915;0,12077;0,009015;0,03493;0,022973;0,4287;0,01736
31.03.2005;6;42,6013;0,60286617;0,299696234;23,9804;113,153;55,4;7,653;10503,76;1,2964;1,8905;0,12082;0,009333;0,03587;0,022855;0,372;0,01321
31.12.2004;6;34,7136;0,737177415;0,357789026;25,0677;134,48;43,45;6,149;10783,01;1,3554;1,9182;0,12082;0,009744;0,03606;0,022999;0,3769;0,03242
30.09.2004;6;37,4406;0,701705914;0,311908222;43,7574;118,723;49,64;6,795;10080,27;1,2436;1,812;0,12082;0,009087;0,03422;0,021751;0,3496;0,03801
30.06.2004;6;31,801;0,781823181;0,346653923;47,158;349,873;37,05;6,155;10435,48;1,22;1,8204;0,12082;0,009194;0,0344;0,02175;0,3243;0,04807
31.03.2004;6;27,1711;0,835801013;0,35042197;53,7328;98,239;35,76;5,933;10357,7;1,2316;1,8462;0,12081;0,009591;0,0351;0,023;0,3454;0,05033
31.12.2003;6;28,1808;0,785428731;0,325142019;59,3337;58,662;32,52;6,189;10453,92;1,2595;1,7858;0,12082;0,009327;0,0342;0,0219;0,346;0,05011
30.09.2003;6;25,3502;0,855623047;0,351567856;59,0668;68,737;29,2;4,83;9275,06;1,1657;1,6618;0,12081;0,008968;0,0326;0,02185;0,3448;0,04877
30.06.2003;6;22,6965;0,930637553;0,387570216;56,0103;79,686;30,19;5,411;8985,44;1,1512;1,6546;0,1208;0,008348;0,0329;0,0211;0,352;0,04981
31.03.2003;6;19,059;1,046887354;0,42285964;55,6727;87,112;31,04;5,06;7992,13;1,0915;1,5827;0,12081;0,008466;0,0319;0,02105;0,2982;0,04607
31.12.2002;6;18,4895;0,989030266;0,405600465;57,7271;57,637;31,2;4,789;8341,63;1,0492;1,61;0,12081;0,008416;0,0313;0,0209;0,2825;0,04079
30.09.2002;6;17,7063;1,005463871;0,412137396;60,0824;37,408;30,45;4,138;7591,93;0,9866;1,5684;0,12081;0,008215;0,03156;0,02067;0,2674;0,03543
28.06.2002;6;17,7991;0,999665593;0,415744136;54,456;13,929;26,86;3,245;9243,26;0,9915;1,5335;0,12081;0,008363;0,03177;0,02045;0,3549;0,03121
28.03.2002;6;20,7117;0,783269179;0,34282254;47,9709;2,534;26,31;3,283;10403,94;0,8717;1,4259;0,12081;0,007534;0,03204;0,02049;0,4301;0,02772
31.12.2001;6;18,1313;0,855492515;0,393258147;37,9822;28,77;19,84;2,57;10021,5;0,8895;1,4546;0,12082;0,007595;0,03278;0,02072;0,4328;0,02217
28.09.2001;6;15,6114;1,012111357;0,455837735;35,462;41,729;23,43;2,244;8847,56;0,9114;1,4744;0,12081;0,008364;0,03394;0,02089;0,3743;0,01705
29.06.2001;6;15,8789;0,999911642;0,447489282;36,534;162,568;26,25;3,096;10502,4;0,849;1,4153;0,12082;0,008021;0,0343;0,02126;0,4309;0,01266
30.03.2001;6;14,3644;1,042994828;0,433150117;42,9964;97,836;26,29;5,025;9878,78;0,8767;1,4161;0,1208;0,007916;0,03477;0,02145;0,4651;0,00943
29.12.2000;6;13,0392;1,151316746;0,462664072;44,6188;93,228;26,8;9,775;10786,85;0,9427;1,493;0,12081;0,008741;0,03551;0,02141;0,5128;0,00922
29.09.2000;6;13,9831;0,942945981;0,406301361;32,6034;85,589;30,84;5,186;10650,92;0,8828;1,4754;0,12077;0,009247;0,03599;0,02173;0,5423;0,00943
30.06.2000;6;12,8319;0,995016557;0,42250368;35,115;73,045;32,5;4,476;10447,9;0,9525;1,5141;0,12079;0,009436;0,03562;0,02238;0,5556;0,00851
31.03.2000;6;12,4324;0,971641595;0,418428597;36,2048;40,41;26,9;2,945;10921,93;0,9555;1,5911;0,12079;0,009728;0,03489;0,02293;0,576;0,01113
31.12.1999;6;12,3785;0,947225075;0,409477224;37,1969;59,474;25,6;2,329;11497,12;1,0062;1,6182;0,12078;0,009755;0,03629;0,02296;0,5559;0,01195
30.09.1999;6;11,6638;0,971751787;0,414456338;42,3976;51,211;24,51;2,744;10336,96;1,0684;1,6473;0,1208;0,009405;0,03962;0,02292;0,5161;0,01552
30.06.1999;6;10,5311;1,051681036;0,436616704;50,8849;15,72;19,29;2,394;10970,81;1,0351;1,5778;0,12079;0,008258;0,04122;0,02305;0,549;0,01685
31.03.1999;6;8,9535;1,190660949;0,511336685;46,946;-6,698;16,76;2,013;9786,16;1,0762;1,6112;0,12077;0,008413;0,0402;0,02356;0,5822;0,01777
31.12.1998;6;8,8995;1,167313931;0,527580409;34,8981;-61,149;12,05;1,945;9181,43;1,1736;1,66;0,12078;0,008779;0,04849;0,02353;0,8276;0,01725
30.09.1998;6;8,3602;1,297398838;0,610137265;25,9095;9,015;16,14;2,433;7842,62;1,1706;1,6989;0,1208;0,007328;0,06285;0,02355;0,8435;0,02371
30.06.1998;6;10,9356;0,98080761;0,473315774;25,5906;22,199;14,18;2,469;8952,01;1,0851;1,6679;0,12077;0,007206;0,16134;0,02357;0,8647;0,03656
31.03.1998;6;10,8143;0,993845225;0,481945242;24,0853;15,541;15,61;2,522;8799,8;1,0589;1,6725;0,12078;0,007515;0,16377;0,02532;0,8795;0,04286
31.12.1997;6;11,6908;0,920160565;0,443715209;19,8504;31,909;17,64;2,264;7908,24;1,0909;1,6452;0,12078;0,007658;0,16784;0,02551;0,8961;0,05895
30.09.1997;6;12,3245;0,866935884;0,417168925;21,4162;42,325;21,18;3,082;7945,25;1,1106;1,6156;0,1207;0,008298;0,17061;0,02766;0,9124;0,06209
30.06.1997;6;10,5176;0,985284632;0,479598778;23,3704;27,556;19,8;2,139;7672,79;1,1255;1,6656;0,12061;0,008728;0,17295;0,02793;0,9289;0,05854
31.03.1997;6;10,1401;1,023141309;0,488882841;20,8127;30,616;20,41;1,926;6583,47;1,1654;1,6374;0,12054;0,008078;0,17464;0,02787;0,9439;0,05871
31.12.1996;6;10,6525;0,8989108;0,41163066;20,9701;43,5;25,92;2,757;6448,26;1,2716;1,714;0,1205;0,008643;0,18018;0,02789;0,9629;0,05328
30.09.1996;6;9,2401;1,063901979;0,533581162;19,6844;42,305;24,38;2,214;5882,16;1,2804;1,5653;0,12045;0,008977;0,18532;0,02795;0,9794;0,04851
28.06.1996;6;8,6895;1,080005262;0,552462972;18,5839;28,1;20,92;2,911;5654,62;1,2809;1,5527;0,12016;0,009114;0,19588;0,02849;0,9961;0,04779
31.12.2015;7;67,5827;0,841275376;0,471603826;34,2218;-5178;37,04;2,337;17425,03;1,0862;1,4736;0,154;0,008316;0,0137;0,015102;0,2525;0,04475
30.09.2015;7;66,1232;0,99144659;0,591475314;27,883;-2609;45,09;2,524;16284,7;1,1177;1,5128;0,15732;0,008342;0,01529;0,015253;0,2533;0,04452
30.06.2015;7;77,7385;0,915770068;0,5609258;25,0135;176;59,47;2,832;17619,51;1,1147;1,5712;0,16108;0,008163;0,01807;0,015722;0,3222;0,04361
31.03.2015;7;72,9705;0,952138707;0,609280316;20,0181;-218;47,6;2,64;17776,12;1,0731;1,4818;0,16129;0,008324;0,01718;0,016048;0,3128;0,05078
31.12.2014;7;80,5774;0,905671102;0,562778508;19,5601;-3413;53,27;2,889;17823,07;1,2098;1,5577;0,16113;0,008355;0,01723;0,015813;0,3773;0,0512
30.09.2014;7;92,2315;0,959126655;0,59128931;19,1358;1208;91,16;4,121;17042,9;1,2631;1,6213;0,1629;0,00912;0,02526;0,016151;0,409;0,05347
30.06.2014;7;98,4474;0,87851698;0,547559301;15,6007;1431;105,37;4,461;16826,6;1,3692;1,7106;0,16117;0,009869;0,02942;0,016655;0,4518;0,051
31.03.2014;7;91,4065;0,925379584;0,57932569;15,8569;1390;101,58;4,371;16457,66;1,3769;1,6662;0,16084;0,009687;0,02852;0,0167;0,4403;0,05167
31.12.2013;7;91,2243;0,917360141;0,572955431;15,9988;1643;98,42;4,23;16576,66;1,3743;1,6557;0,16513;0,009497;0,03039;0,016165;0,4231;0,05322
30.09.2013;7;89,7279;0,920929252;0,569876119;17,5968;1583;102,33;3,56;15129,67;1,3527;1,6186;0,16339;0,01018;0,0309;0,015988;0,4505;0,05171
28.06.2013;7;85,5935;0,937741003;0,582072039;18,2222;1322;96,56;3,565;14909,6;1,301;1,5213;0,16293;0,010086;0,03046;0,016755;0,4482;0,05032
28.03.2013;7;75,1761;1,04253682;0,648417863;18,6224;1355;97,23;4,024;14578,54;1,2819;1,5198;0,16101;0,010614;0,03218;0,018357;0,4945;0,05157
31.12.2012;7;73,4878;1,040504542;0,648966297;19,0347;336;91,82;3,351;13104,14;1,3193;1,6255;0,16047;0,01153;0,03273;0,018236;0,4876;0,00295
28.09.2012;7;82,5527;0,941205293;0,580485227;18,8318;1375;92,19;3,32;13437,13;1,286;1,6167;0,15909;0,01283;0,03207;0,018911;0,4932;0,00201
29.06.2012;7;82,2745;0,925345503;0,569317155;19,2668;1328;84,96;2,824;12880,09;1,2667;1,5707;0,15735;0,01253;0,03089;0,018055;0,4971;0,00165
30.03.2012;7;91,349;0,797820238;0,501657538;15,1573;1559;103,02;2,126;13212,04;1,3343;1,6008;0,15887;0,012068;0,03412;0,019627;0,5474;-0,00015
30.12.2011;7;89,8813;0,790140473;0,495055036;15,6061;1634;98,83;2,989;12217,56;1,2961;1,5543;0,15872;0,013001;0,03108;0,018822;0,5363;0,00008
30.09.2011;7;68,5861;0,98623626;0,628483553;16,0914;1771;79,2;3,666;10913,38;1,3387;1,5584;0,15666;0,012983;0,031;0,020427;0,5318;0,00023
30.06.2011;7;99,7999;0,645631188;0,415796182;12,0848;1817;95,42;4,374;12414,34;1,4502;1,6053;0,15471;0,012413;0,03587;0,022411;0,6397;0,00041
31.03.2011;7;100,2316;0,636528591;0,396268923;14,1066;1549;106,72;4,389;12319,73;1,4158;1,6028;0,15272;0,012029;0,03523;0,022428;0,6126;0,00018
31.12.2010;7;94,102;0,657576856;0,407398661;15,7339;1212;91,38;4,405;11577,51;1,3384;1,5612;0,1515;0,012323;0,03277;0,022365;0,6024;0,00023
30.09.2010;7;75,1089;0,746603536;0,500491401;7,8885;1191;79,97;3,872;10788,05;1,3634;1,5716;0,14948;0,011973;0,0327;0,022254;0,5928;0,00033
30.06.2010;7;74,0058;0,73819994;0,493292906;8,1619;1063;75,63;4,616;9774,02;1,2238;1,4945;0,14746;0,011308;0,03199;0,021527;0,554;0,00068
31.03.2010;7;81,0946;0,66312877;0,437468952;8,636;1064;83,76;3,869;10856,63;1,351;1,5184;0,14649;0,0107;0,03397;0,022306;0,5625;0,00008
31.12.2009;7;78,0346;0,668287188;0,440583918;9,5888;938;79,36;5,572;10428,05;1,4321;1,617;0,14647;0,010753;0,03329;0,021493;0,5738;0,00033
30.09.2009;7;75,2049;0,663380084;0,448183067;9,8001;927;70,61;4,841;9712,28;1,464;1,5982;0,1465;0,01115;0,03331;0,020789;0,5659;0,00074
30.06.2009;7;63,128;0,784055733;0,522647597;12,4969;682;69,89;3,835;8447;1,4033;1,6458;0,1464;0,010377;0,0321;0,020875;0,5121;0,00043
31.03.2009;7;53,382;0,900494296;0,608953171;9,9749;368;49,66;3,776;7608,92;1,325;1,4323;0,14634;0,010104;0,02945;0,019712;0,4303;0,00094
31.12.2008;7;57,5452;0,854552942;0,562165277;10,0531;443;44,6;5,622;8776,39;1,3971;1,4593;0,14655;0,011021;0,03401;0,02054;0,4321;0,00084
30.09.2008;7;67,5789;0,746444053;0,472659683;6,567;2271;100,64;7,438;10850,66;1,4092;1,7805;0,14601;0,009424;0,03899;0,021288;0,525;0,00069
30.06.2008;7;86,1978;0,564458267;0,343014223;7,0478;2297;140;13,353;11350,01;1,5755;1,9923;0,1459;0,009415;0,04265;0,023202;0,6234;0,00013
31.03.2008;7;70,188;0,640869843;0,399215653;7,529;1846;101,58;10,101;12262,89;1,5788;1,9837;0,14261;0,010031;0,04256;0,02493;0,5682;0,00023
31.12.2007;7;73,8523;0,574438288;0,359552846;7,8222;1452;95,98;7,483;13264,82;1,4589;1,985;0,13691;0,008948;0,04059;0,025374;0,5634;0,00015
28.09.2007;7;61,4685;0,640758422;0,41445329;8,6522;1324;81,66;6,87;13895,63;1,4267;2,0473;0,13322;0,00871;0,04024;0,025148;0,5456;0,00094
29.06.2007;7;55,5211;0,700282053;0,446910223;8,7487;1412;70,68;6,773;13408,62;1,3541;2,0087;0,1313;0,008119;0,03883;0,024564;0,5184;0,00125
30.03.2007;7;47,3004;0,799773994;0,500494153;10,3995;1212;65,87;7,73;12354,35;1,3354;1,9678;0,12942;0,008487;0,03848;0,022978;0,4857;0,00158
29.12.2006;7;46,84;0,790745386;0,477992431;14,2318;930;61,05;6,299;12463,15;1,3197;1,9588;0,128;0,008399;0,03798;0,022595;0,4676;0,00175
29.09.2006;7;46,1493;0,783427205;0,474835819;15,0567;1170;62,91;5,62;11679,07;1,2674;1,8721;0,12652;0,008462;0,03732;0,021772;0,4598;0,00155
30.06.2006;7;49,1853;0,718956207;0,422657566;15,7587;860;73,93;6,104;11150,22;1,2791;1,8483;0,1251;0,008739;0,03725;0,021713;0,462;0,00053
31.03.2006;7;44,4371;0,811510143;0,461275471;19,2755;1231;66,63;7,21;11109,32;1,2118;1,7372;0,12473;0,008491;0,03611;0,022411;0,4618;0,00113
30.12.2005;7;38,3123;0,812796399;0,478562366;18,9891;1152;61,04;11,225;10717,5;1,1849;1,723;0,1239;0,008494;0,03476;0,022204;0,4277;0,00188
30.09.2005;7;40,9742;0,730780237;0,414614488;20,486;1747;66,24;13,921;10568,7;1,2026;1,7643;0,12356;0,008812;0,03503;0,02272;0,4484;0,00206
30.06.2005;7;36,8974;0,779021725;0,425015526;25,7038;1536;56,5;6,981;10274,97;1,2108;1,7915;0,12077;0,009015;0,03493;0,022973;0,4287;0,00081
31.03.2005;7;34,1348;0,785962959;0,408840453;29,0387;846;55,4;7,653;10503,76;1,2964;1,8905;0,12082;0,009333;0,03587;0,022855;0,372;0,0091
31.12.2004;7;27,9908;0,923897052;0,469787679;34,9729;742;43,45;6,149;10783,01;1,3554;1,9182;0,12082;0,009744;0,03606;0,022999;0,3769;0,01736
30.09.2004;7;26,8253;0,922960631;0,458445453;37,8619;758;49,64;6,795;10080,27;1,2436;1,812;0,12082;0,009087;0,03422;0,021751;0,3496;0,01321
30.06.2004;7;23,2185;1,020192233;0,492930308;42,4735;581;37,05;6,155;10435,48;1,22;1,8204;0,12082;0,009194;0,0344;0,02175;0,3243;0,03242
31.03.2004;7;22,0866;1,036182141;0,487892684;45,9779;487;35,76;5,933;10357,7;1,2316;1,8462;0,12081;0,009591;0,0351;0,023;0,3454;0,03801
31.12.2003;7;20,2593;1,111266915;0,504070379;54,2289;382;32,52;6,189;10453,92;1,2595;1,7858;0,12082;0,009327;0,0342;0,0219;0,346;0,04807
30.09.2003;7;16,8971;1,304986765;0,576210693;57,9816;446;29,2;4,83;9275,06;1,1657;1,6618;0,12081;0,008968;0,0326;0,02185;0,3448;0,05033
30.06.2003;7;16,0913;1,337737398;0,574684324;61,6125;374;30,19;5,411;8985,44;1,1512;1,6546;0,1208;0,008348;0,0329;0,0211;0,352;0,05011
31.03.2003;7;14,3695;1,490588059;0,656274143;53,9359;325;31,04;5,06;7992,13;1,0915;1,5827;0,12081;0,008466;0,0319;0,02105;0,2982;0,04877
31.12.2002;7;13,6453;1,539332084;0,661016061;59,1472;322;31,2;4,789;8341,63;1,0492;1,61;0,12081;0,008416;0,0313;0,0209;0,2825;0,04981
30.09.2002;7;13,6117;1,527313467;0,629751565;61,4665;402;30,45;4,138;7591,93;0,9866;1,5684;0,12081;0,008215;0,03156;0,02067;0,2674;0,04607
28.06.2002;7;14,3839;1,460050451;0,580263968;62,4427;240;26,86;3,245;9243,26;0,9915;1,5335;0,12081;0,008363;0,03177;0,02045;0,3549;0,04079
28.03.2002;7;13,981;1,620742384;0,756114659;49,0198;25;26,31;3,283;10403,94;0,8717;1,4259;0,12081;0,007534;0,03204;0,02049;0,4301;0,03543
31.12.2001;7;12,7244;1,798386687;0,791693142;58,31;-247;19,84;2,57;10021,5;0,8895;1,4546;0,12082;0,007595;0,03278;0,02072;0,4328;0,03121
28.09.2001;7;11,674;2,063403372;0,941139799;49,1821;444;23,43;2,244;8847,56;0,9114;1,4744;0,12081;0,008364;0,03394;0,02089;0,3743;0,02772
29.06.2001;7;12,7532;1,963023195;0,834632412;60,7966;473;26,25;3,096;10502,4;0,849;1,4153;0,12082;0,008021;0,0343;0,02126;0,4309;0,02217
30.03.2001;7;11,8707;2,168400989;0,857959593;66,6836;484;26,29;5,025;9878,78;0,8767;1,4161;0,1208;0,007916;0,03477;0,02145;0,4651;0,01705
29.12.2000;7;11,6309;2,163816056;0,83726106;72,484;333;26,8;9,775;10786,85;0,9427;1,493;0,12081;0,008741;0,03551;0,02141;0,5128;0,01266
29.09.2000;7;10,4618;2,45427239;0,90195193;84,175;402;30,84;5,186;10650,92;0,8828;1,4754;0,12077;0,009247;0,03599;0,02173;0,5423;0,00943
30.06.2000;7;10,1021;2,517010349;0,894262012;97,1503;564;32,5;4,476;10447,9;0,9525;1,5141;0,12079;0,009436;0,03562;0,02238;0,5556;0,00922
31.03.2000;7;9,9522;1,875154727;0,583738817;102,2844;271;26,9;2,945;10921,93;0,9555;1,5911;0,12079;0,009728;0,03489;0,02293;0,576;0,00943
31.12.1999;7;10,3718;1,775348696;0,535558286;103,3091;383;25,6;2,329;11497,12;1,0062;1,6182;0,12078;0,009755;0,03629;0,02296;0,5559;0,00851
30.09.1999;7;11,0913;1,662893989;0,46704557;130,3778;126;24,51;2,744;10336,96;1,0684;1,6473;0,1208;0,009405;0,03962;0,02292;0,5161;0,01113
30.06.1999;7;10,132;1,940850546;0,525717757;138,0005;9;19,29;2,394;10970,81;1,0351;1,5778;0,12079;0,008258;0,04122;0,02305;0,549;0,01195
31.03.1999;7;8,6332;2,233116407;0,594678197;147,2215;-70;16,76;2,013;9786,16;1,0762;1,6112;0,12077;0,008413;0,0402;0,02356;0,5822;0,01552
31.12.1998;7;8,0936;2,59926683;0,573127088;202,1112;-38;12,05;1,945;9181,43;1,1736;1,66;0,12078;0,008779;0,04849;0,02353;0,8276;0,01685
30.09.1998;7;10,3119;2,063113942;0,468718405;208,2616;38;16,14;2,433;7842,62;1,1706;1,6989;0,1208;0,007328;0,06285;0,02355;0,8435;0,01777
30.06.1998;7;12,9498;1,630102164;0,391736484;188,5378;186;14,18;2,469;8952,01;1,0851;1,6679;0,12077;0,007206;0,16134;0,02357;0,8647;0,01725
31.03.1998;7;13,999;1,550918869;0,377842936;181,6588;177;15,61;2,522;8799,8;1,0589;1,6725;0,12078;0,007515;0,16377;0,02532;0,8795;0,02371
31.12.1997;7;14,0589;1,528313691;0,428631886;115,8656;-884;17,64;2,264;7908,24;1,0909;1,6452;0,12078;0,007658;0,16784;0,02551;0,8961;0,03656
30.09.1997;7;12,4402;1,999662186;0,609686416;89,8077;157;21,18;3,082;7945,25;1,1106;1,6156;0,1207;0,008298;0,17061;0,02766;0,9124;0,04286
30.06.1997;7;12,0205;2,129034755;0,636686904;91,2788;158;19,8;2,139;7672,79;1,1255;1,6656;0,12061;0,008728;0,17295;0,02793;0,9289;0,05895
31.03.1997;7;11,8107;2,15896804;0,64237118;89,9751;179;20,41;1,926;6583,47;1,1654;1,6374;0,12054;0,008078;0,17464;0,02787;0,9439;0,06209
31.12.1996;7;11,2112;1,946670405;0,667905072;88,677;159;25,92;2,757;6448,26;1,2716;1,714;0,1205;0,008643;0,18018;0,02789;0,9629;0,05854
30.09.1996;7;11,2112;2,254623559;0,659321958;92,03;194;24,38;2,214;5882,16;1,2804;1,5653;0,12045;0,008977;0,18532;0,02795;0,9794;0,05871
28.06.1996;7;11,8707;2,187970973;0,605281931;102,2525;181;20,92;2,911;5654,62;1,2809;1,5527;0,12016;0,009114;0,19588;0,02849;0,9961;0,05328
31.12.2015;8;53,19;2,420213345;0,643005892;102,2641;138;37,04;2,337;17425,03;1,0862;1,4736;0,154;0,008316;0,0137;0,015102;0,2525;0,04851
30.09.2015;8;52,8;2,395118692;0,649887825;97,6576;310;45,09;2,524;16284,7;1,1177;1,5128;0,15732;0,008342;0,01529;0,015253;0,2533;0,04779
30.06.2015;8;49,1;2,606473905;0,688126704;101,7762;406;59,47;2,832;17619,51;1,1147;1,5712;0,16108;0,008163;0,01807;0,015722;0,3222;0,04475
31.03.2015;8;53,07;2,379376858;0,626999815;99,6992;34;47,6;2,64;17776,12;1,0731;1,4818;0,16129;0,008324;0,01718;0,016048;0,3128;0,04452
31.12.2014;8;53,24;2,373031769;0,631471856;98,0188;135;53,27;2,889;17823,07;1,2098;1,5577;0,16113;0,008355;0,01723;0,015813;0,3773;0,04361
30.09.2014;8;45,04;2,708273326;0,750057523;93,4502;814;91,16;4,121;17042,9;1,2631;1,6213;0,1629;0,00912;0,02526;0,016151;0,409;0,05078
30.06.2014;8;48,02;2,521550702;0,675656199;100,9031;271;105,37;4,461;16826,6;1,3692;1,7106;0,16117;0,009869;0,02942;0,016655;0,4518;0,0512
31.03.2014;8;43,2;2,791510169;0,74450908;99,7522;230;101,58;4,371;16457,66;1,3769;1,6662;0,16084;0,009687;0,02852;0,0167;0,4403;0,05347
31.12.2013;8;40,28;3,022884105;0,793381362;101,2745;90;98,42;4,23;16576,66;1,3743;1,6557;0,16513;0,009497;0,03039;0,016165;0,4231;0,051
30.09.2013;8;40,92;3,007903709;0,776844766;99,2917;164;102,33;3,56;15129,67;1,3527;1,6186;0,16339;0,01018;0,0309;0,015988;0,4505;0,05167
28.06.2013;8;45,73;2,671198243;0,694401399;100,2478;332;96,56;3,565;14909,6;1,301;1,5213;0,16293;0,010086;0,03046;0,016755;0,4482;0,05322
28.03.2013;8;44,53;2,698928041;0,70313937;96,9763;242;97,23;4,024;14578,54;1,2819;1,5198;0,16101;0,010614;0,03218;0,018357;0,4945;0,05171
31.12.2012;8;40,18;3,030637294;0,770010345;100,6228;-9;91,82;3,351;13104,14;1,3193;1,6255;0,16047;0,01153;0,03273;0,018236;0,4876;0,05032
28.09.2012;8;42,67;2,776535905;0,730595523;100,2764;364;92,19;3,32;13437,13;1,286;1,6167;0,15909;0,01283;0,03207;0,018911;0,4932;0,05157
29.06.2012;8;45,27;2,598670573;0,676904034;103,1714;239;84,96;2,824;12880,09;1,2667;1,5707;0,15735;0,01253;0,03089;0,018055;0,4971;0,00295
30.03.2012;8;43,41;2,741109913;0,699750941;105,6744;236;103,02;2,126;13212,04;1,3343;1,6008;0,15887;0,012068;0,03412;0,019627;0,5474;0,00201
30.12.2011;8;41,22;2,927635288;0,726936255;112,4099;87;98,83;2,989;12217,56;1,2961;1,5543;0,15872;0,013001;0,03108;0,018822;0,5363;0,00165
30.09.2011;8;42,3;2,772504513;0,712482956;108,3531;203;79,2;3,666;10913,38;1,3387;1,5584;0,15666;0,012983;0,031;0,020427;0,5318;-0,00015
30.06.2011;8;42,03;2,802923592;0,713259288;110,9708;366;95,42;4,374;12414,34;1,4502;1,6053;0,15471;0,012413;0,03587;0,022411;0,6397;0,00008
31.03.2011;8;44,18;2,634414915;0,664369839;113,4408;202;106,72;4,389;12319,73;1,4158;1,6028;0,15272;0,012029;0,03523;0,022428;0,6126;0,00023
31.12.2010;8;47,84;2,434197403;0,610017009;116,1349;254;91,38;4,405;11577,51;1,3384;1,5612;0,1515;0,012323;0,03277;0,022365;0,6024;0,00041
30.09.2010;8;45,42;2,544687858;0,634021073;117,3392;261;79,97;3,872;10788,05;1,3634;1,5716;0,14948;0,011973;0,0327;0,022254;0,5928;0,00018
30.06.2010;8;41,1;2,757893288;0,693745693;115,6343;337;75,63;4,616;9774,02;1,2238;1,4945;0,14746;0,011308;0,03199;0,021527;0,554;0,00023
31.03.2010;8;42,42;2,764922609;0,674465848;123,2935;261;83,76;3,869;10856,63;1,351;1,5184;0,14649;0,0107;0,03397;0,022306;0,5625;0,00033
31.12.2009;8;44,65;2,59527567;0,639678495;120,633;277;79,36;5,572;10428,05;1,4321;1,617;0,14647;0,010753;0,03329;0,021493;0,5738;0,00068
30.09.2009;8;40,49;2,83355218;0,693488106;115,1431;321;70,61;4,841;9712,28;1,464;1,5982;0,1465;0,01115;0,03331;0,020789;0,5659;0,00008
30.06.2009;8;38,44;2,976174355;0,71926976;120,9747;392;69,89;3,835;8447;1,4033;1,6458;0,1464;0,010377;0,0321;0,020875;0,5121;0,00033
31.03.2009;8;38,22;2,952206614;0,704358573;122,3281;244;49,66;3,776;7608,92;1,325;1,4323;0,14634;0,010104;0,02945;0,019712;0,4303;0,00074
31.12.2008;8;38,71;3,137815796;0,739452479;122,453;517;44,6;5,622;8776,39;1,3971;1,4593;0,14655;0,011021;0,03401;0,02054;0,4321;0,00043
30.09.2008;8;37,45;2,89819796;0,700061141;121,6803;304;100,64;7,438;10850,66;1,4092;1,7805;0,14601;0,009424;0,03899;0,021288;0,525;0,00094
30.06.2008;8;39,69;2,729541836;0,646756922;112,0122;293;140;13,353;11350,01;1,5755;1,9923;0,1459;0,009415;0,04265;0,023202;0,6234;0,00084
31.03.2008;8;36,82;2,862920272;0,683886712;116,2772;224;101,58;10,101;12262,89;1,5788;1,9837;0,14261;0,010031;0,04256;0,02493;0,5682;0,00069
31.12.2007;8;43,09;2,403393861;0,57768844;120,6814;203;95,98;7,483;13264,82;1,4589;1,985;0,13691;0,008948;0,04059;0,025374;0,5634;0,00013
28.09.2007;8;47,8;2,141986281;0,513516292;126,4393;278;81,66;6,87;13895,63;1,4267;2,0473;0,13322;0,00871;0,04024;0,025148;0,5456;0,00023
29.06.2007;8;45,3;2,238201121;0,533635963;124,42;269;70,68;6,773;13408,62;1,3541;2,0087;0,1313;0,008119;0,03883;0,024564;0,5184;0,00015
30.03.2007;8;48,27;2,059912354;0,487308287;122,9797;256;65,87;7,73;12354,35;1,3354;1,9678;0,12942;0,008487;0,03848;0,022978;0,4857;0,00094
29.12.2006;8;47,33;1,965162091;0,455279773;127,7812;152;61,05;6,299;12463,15;1,3197;1,9588;0,128;0,008399;0,03798;0,022595;0,4676;0,00125
29.09.2006;8;41,65;2,407728817;0,553869571;124,7129;393;62,91;5,62;11679,07;1,2674;1,8721;0,12652;0,008462;0,03732;0,021772;0,4598;0,00158
30.06.2006;8;39,28;2,498244704;0,567288291;130,7932;232;73,93;6,104;11150,22;1,2791;1,8483;0,1251;0,008739;0,03725;0,021713;0,462;0,00175
31.03.2006;8;38,9;2,534416565;0,565955733;131,6862;214;66,63;7,21;11109,32;1,2118;1,7372;0,12473;0,008491;0,03611;0,022411;0,4618;0,00155
30.12.2005;8;37,12;2,682448075;0,588069705;139,3574;180;61,04;11,225;10717,5;1,1849;1,723;0,1239;0,008494;0,03476;0,022204;0,4277;0,00053
30.09.2005;8;39,25;2,331543094;0,579268332;111,2879;252;66,24;13,921;10568,7;1,2026;1,7643;0,12356;0,008812;0,03503;0,02272;0,4484;0,00113
30.06.2005;8;37,54;2,468167846;0,598808772;117,1497;267;56,5;6,981;10274,97;1,2108;1,7915;0,12077;0,009015;0,03493;0,022973;0,4287;0,00188
31.03.2005;8;34,1;2,740486221;0,64515265;123,1405;218;55,4;7,653;10503,76;1,2964;1,8905;0,12082;0,009333;0,03587;0,022855;0,372;0,00206
31.12.2004;8;33,28;2,645248902;0,68306239;105,0903;871;43,45;6,149;10783,01;1,3554;1,9182;0,12082;0,009744;0,03606;0,022999;0,3769;0,00081
30.09.2004;8;30,4;2,899876108;0,678359483;123,9062;228;49,64;6,795;10080,27;1,2436;1,812;0,12082;0,009087;0,03422;0,021751;0,3496;0,0091
30.06.2004;8;27,94;3,141775731;0,717674962;128,9119;372;37,05;6,155;10435,48;1,22;1,8204;0,12082;0,009194;0,0344;0,02175;0,3243;0,01736
31.03.2004;8;28,97;3,665240286;0,660959228;221,4765;3033;35,76;5,933;10357,7;1,2316;1,8462;0,12081;0,009591;0,0351;0,023;0,3454;0,01321
31.12.2003;8;27,77;2,777831248;0,414350238;233,8147;37;32,52;6,189;10453,92;1,2595;1,7858;0,12082;0,009327;0,0342;0,0219;0,346;0,03242
30.09.2003;8;23,9;2,991012009;0,468907935;243,5892;510;29,2;4,83;9275,06;1,1657;1,6618;0,12081;0,008968;0,0326;0,02185;0,3448;0,03801
30.06.2003;8;21,15;4,235427102;0,488127205;408,348;227;30,19;5,411;8985,44;1,1512;1,6546;0,1208;0,008348;0,0329;0,0211;0,352;0,04807
31.03.2003;8;13,45;6,819254004;0,728046612;430,8386;-354;31,04;5,06;7992,13;1,0915;1,5827;0,12081;0,008466;0,0319;0,02105;0,2982;0,05033
31.12.2002;8;13,9;6,231590208;0,771503289;269,9976;-2189;31,2;4,789;8341,63;1,0492;1,61;0,12081;0,008416;0,0313;0,0209;0,2825;0,05011
30.09.2002;8;11,26;8,58140106;1,434020398;250,8004;466;30,45;4,138;7591,93;0,9866;1,5684;0,12081;0,008215;0,03156;0,02067;0,2674;0,04877
28.06.2002;8;17,89;5,60330001;0,865808041;278,5501;218;26,86;3,245;9243,26;0,9915;1,5335;0,12081;0,008363;0,03177;0,02045;0,3549;0,04981
28.03.2002;8;23,56;4,220020999;0,660940531;270,3606;631;26,31;3,283;10403,94;0,8717;1,4259;0,12081;0,007534;0,03204;0,02049;0,4301;0,04607
31.12.2001;8;19,24;5,11951758;0,784016244;182,957;529;19,84;2,57;10021,5;0,8895;1,4546;0,12082;0,007595;0,03278;0,02072;0,4328;0,04079
28.09.2001;8;15,2;6,097545961;0,757010413;209,8302;771;23,43;2,244;8847,56;0,9114;1,4744;0,12081;0,008364;0,03394;0,02089;0,3743;0,03543
29.06.2001;8;11,2;8,69754444;0,822428558;255,602;750;26,25;3,096;10502,4;0,849;1,4153;0,12082;0,008021;0,0343;0,02126;0,4309;0,03121
30.03.2001;8;11,85;8,125342494;0,623793693;500,484;-951;26,29;5,025;9878,78;0,8767;1,4161;0,1208;0,007916;0,03477;0,02145;0,4651;0,02772
29.12.2000;8;20;4,855962661;0,597449488;322,1327;-4117;26,8;9,775;10786,85;0,9427;1,493;0,12081;0,008741;0,03551;0,02141;0,5128;0,02217
29.09.2000;8;24,2071;3,62046212;0,873201067;141,9623;225;30,84;5,186;10650,92;0,8828;1,4754;0,12077;0,009247;0,03599;0,02173;0,5423;0,01705
30.06.2000;8;24,625;3,290609327;0,844859124;128,5982;248;32,5;4,476;10447,9;0,9525;1,5141;0,12079;0,009436;0,03562;0,02238;0,5556;0,01266
31.03.2000;8;21;3,612374945;0,973371479;131,397;280;26,9;2,945;10921,93;0,9555;1,5911;0,12079;0,009728;0,03489;0,02293;0,576;0,00943
31.12.1999;8;20,5;4,019823554;1,089809812;140,9012;-592;25,6;2,329;11497,12;1,0062;1,6182;0,12078;0,009755;0,03629;0,02296;0,5559;0,00922
30.09.1999;8;25,875;3,168608527;0,860433301;125,5906;185;24,51;2,744;10336,96;1,0684;1,6473;0,1208;0,009405;0,03962;0,02292;0,5161;0,00943
30.06.1999;8;32,4375;2,52328938;0,682089457;126,9453;182;19,29;2,394;10970,81;1,0351;1,5778;0,12079;0,008258;0,04122;0,02305;0,549;0,00851
31.03.1999;8;31,0625;2,862710825;0,705606013;141,7152;171;16,76;2,013;9786,16;1,0762;1,6112;0,12077;0,008413;0,0402;0,02356;0,5822;0,01113
31.12.1998;8;31,5;2,757544665;0,733984477;135,8241;203;12,05;1,945;9181,43;1,1736;1,66;0,12078;0,008779;0,04849;0,02353;0,8276;0,01195
30.09.1998;8;31,875;2,594831929;0,716740509;138,0364;216;16,14;2,433;7842,62;1,1706;1,6989;0,1208;0,007328;0,06285;0,02355;0,8435;0,01552
30.06.1998;8;31,5625;2,429287286;0,721346291;130,9302;181;14,18;2,469;8952,01;1,0851;1,6679;0,12077;0,007206;0,16134;0,02357;0,8647;0,01685
31.03.1998;8;33;2,330354616;0,685776909;128,8891;139;15,61;2,522;8799,8;1,0589;1,6725;0,12078;0,007515;0,16377;0,02532;0,8795;0,01777
31.12.1997;8;30,3125;2,413569726;0,769005951;116,2901;102;17,64;2,264;7908,24;1,0909;1,6452;0,12078;0,007658;0,16784;0,02551;0,8961;0,01725
30.09.1997;8;23,1875;3,014331979;1,009331055;103,1366;265;21,18;3,082;7945,25;1,1106;1,6156;0,1207;0,008298;0,17061;0,02766;0,9124;0,02371
30.06.1997;8;24,25;2,78401421;0,947335303;101,5506;201;19,8;2,139;7672,79;1,1255;1,6656;0,12061;0,008728;0,17295;0,02793;0,9289;0,03656
31.03.1997;8;23,5;2,809075412;0,975379305;92,2425;181;20,41;1,926;6583,47;1,1654;1,6374;0,12054;0,008078;0,17464;0,02787;0,9439;0,04286
31.12.1996;8;21;3,083692308;1,086064303;94,1103;149,03;25,92;2,757;6448,26;1,2716;1,714;0,1205;0,008643;0,18018;0,02789;0,9629;0,05895
30.09.1996;8;21,75;2,87353835;1,045641035;88,063;233,695;24,38;2,214;5882,16;1,2804;1,5653;0,12045;0,008977;0,18532;0,02795;0,9794;0,06209
28.06.1996;8;23,25;2,683169486;0,974878183;87,6264;111,78;20,92;2,911;5654,62;1,2809;1,5527;0,12016;0,009114;0,19588;0,02849;0,9961;0,05854
31.12.2015;9;25,7;2,54658611;0,842887793;150,9214;-701;37,04;2,337;17425,03;1,0862;1,4736;0,154;0,008316;0,0137;0,015102;0,2525;0,05871
30.09.2015;9;36,85;1,841224754;0,661578622;129,8576;-40;45,09;2,524;16284,7;1,1177;1,5128;0,15732;0,008342;0,01529;0,015253;0,2533;0,05328
30.06.2015;9;57,39;1,190249368;0,445991647;122,0907;114;59,47;2,832;17619,51;1,1147;1,5712;0,16108;0,008163;0,01807;0,015722;0,3222;0,04851
31.03.2015;9;50,59;1,333383719;0,517450237;114,8613;70;47,6;2,64;17776,12;1,0731;1,4818;0,16129;0,008324;0,01718;0,016048;0,3128;0,04779
31.12.2014;9;44,94;1,502970791;0,600890433;106,9899;193;53,27;2,889;17823,07;1,2098;1,5577;0,16113;0,008355;0,01723;0,015813;0,3773;0,04475
30.09.2014;9;55,35;1,20462579;0,500188045;99,9758;1678;91,16;4,121;17042,9;1,2631;1,6213;0,1629;0,00912;0,02526;0,016151;0,409;0,04452
30.06.2014;9;58,21;0,803741795;0,274176935;136,6381;103;105,37;4,461;16826,6;1,3692;1,7106;0,16117;0,009869;0,02942;0,016655;0,4518;0,04361
31.03.2014;9;40,58;1,018300339;0,313591608;147,4131;140;101,58;4,371;16457,66;1,3769;1,6662;0,16084;0,009687;0,02852;0,0167;0,4403;0,05078
31.12.2013;9;38,57;1,030318514;0,338643853;129,7949;-14;98,42;4,23;16576,66;1,3743;1,6557;0,16513;0,009497;0,03039;0,016165;0,4231;0,0512
30.09.2013;9;36,36;1,065278563;0,360233681;115,8059;141;102,33;3,56;15129,67;1,3527;1,6186;0,16339;0,01018;0,0309;0,015988;0,4505;0,05347
28.06.2013;9;32,47;1,156918809;0,359426271;129,9711;142;96,56;3,565;14909,6;1,301;1,5213;0,16293;0,010086;0,03046;0,016755;0,4482;0,051
28.03.2013;9;37,46;0,971358697;0,308050973;134,8285;161;97,23;4,024;14578,54;1,2819;1,5198;0,16101;0,010614;0,03218;0,018357;0,4945;0,05167
31.12.2012;9;32,74;1,091095509;0,333109974;144,5537;149;91,82;3,351;13104,14;1,3193;1,6255;0,16047;0,01153;0,03273;0,018236;0,4876;0,05322
28.09.2012;9;34,97;0,969753523;0,273234885;158,8049;155;92,19;3,32;13437,13;1,286;1,6167;0,15909;0,01283;0,03207;0,018911;0,4932;0,05171
29.06.2012;9;28,82;1,123365696;0,311895138;160,6007;132;84,96;2,824;12880,09;1,2667;1,5707;0,15735;0,01253;0,03089;0,018055;0,4971;0,05032
30.03.2012;9;30,81;0,97043686;0,203142601;233,4855;423;103,02;2,126;13212,04;1,3343;1,6008;0,15887;0,012068;0,03412;0,019627;0,5474;0,05157
30.12.2011;9;26,9633;0,845613744;0,132514673;337,2776;-444;98,83;2,989;12217,56;1,2961;1,5543;0,15872;0,013001;0,03108;0,018822;0,5363;0,00295
30.09.2011;9;19,8755;1,826868792;0,646524016;101,4266;272;79,2;3,666;10913,38;1,3387;1,5584;0,15666;0,012983;0,031;0,020427;0,5318;0,00201
30.06.2011;9;24,7014;1,445156575;0,508517457;102,9298;227;95,42;4,374;12414,34;1,4502;1,6053;0,15471;0,012413;0,03587;0,022411;0,6397;0,00165
31.03.2011;9;25,4608;1,370456535;0,485120742;102,5904;321;106,72;4,389;12319,73;1,4158;1,6028;0,15272;0,012029;0,03523;0,022428;0,6126;-0,00015
31.12.2010;9;20,1858;1,726827649;0,59600863;105,6735;174;91,38;4,405;11577,51;1,3384;1,5612;0,1515;0,012323;0,03277;0,022365;0,6024;0,00008
30.09.2010;9;15,6048;2,136871608;0,732600733;104,0851;-1263;79,97;3,872;10788,05;1,3634;1,5716;0,14948;0,011973;0,0327;0,022254;0,5928;0,00023
30.06.2010;9;14,927;2,336841671;0,845485747;94,3718;185;75,63;4,616;9774,02;1,2238;1,4945;0,14746;0,011308;0,03199;0,021527;0,554;0,00041
31.03.2010;9;18,8629;1,862732017;0,66432426;96,2397;-193;83,76;3,869;10856,63;1,351;1,5184;0,14649;0,0107;0,03397;0,022306;0,5625;0,00018
31.12.2009;9;17,2134;2,05701713;0,733870154;91,7618;172;79,36;5,572;10428,05;1,4321;1,617;0,14647;0,010753;0,03329;0,021493;0,5738;0,00023
30.09.2009;9;14,5922;2,395037151;0,849954071;93,4726;143;70,61;4,841;9712,28;1,464;1,5982;0,1465;0,01115;0,03331;0,020789;0,5659;0,00033
30.06.2009;9;12,7467;2,754644459;0,974461256;93,505;142;69,89;3,835;8447;1,4033;1,6458;0,1464;0,010377;0,0321;0,020875;0,5121;0,00068
31.03.2009;9;9,2926;3,84340343;1,341736864;95,3252;-172;49,66;3,776;7608,92;1,325;1,4323;0,14634;0,010104;0,02945;0,019712;0,4303;0,00008
31.12.2008;9;11,824;3,107256877;1,081792808;85,0563;115;44,6;5,622;8776,39;1,3971;1,4593;0,14655;0,011021;0,03401;0,02054;0,4321;0,00033
30.09.2008;9;19,312;1,967343833;0,673972362;85,8678;366;100,64;7,438;10850,66;1,4092;1,7805;0,14601;0,009424;0,03899;0,021288;0,525;0,00074
30.06.2008;9;32,9162;1,337475669;0,353863773;96,2828;437;140;13,353;11350,01;1,5755;1,9923;0,1459;0,009415;0,04265;0,023202;0,6234;0,00043
31.03.2008;9;26,9307;1,410776145;0,435299102;94,0363;500;101,58;10,101;12262,89;1,5788;1,9837;0,14261;0,010031;0,04256;0,02493;0,5682;0,00094
31.12.2007;9;29,2171;1,195254656;0,372250213;101,2172;225;95,98;7,483;13264,82;1,4589;1,985;0,13691;0,008948;0,04059;0,025374;0,5634;0,00084
28.09.2007;9;27,8126;1,279413558;0,373820687;104,5198;198;81,66;6,87;13895,63;1,4267;2,0473;0,13322;0,00871;0,04024;0,025148;0,5456;0,00069
29.06.2007;9;25,8201;1,360624922;0,392263431;105,3576;433;70,68;6,773;13408,62;1,3541;2,0087;0,1313;0,008119;0,03883;0,024564;0,5184;0,00013
30.03.2007;9;23,2397;1,522663534;0,426757923;108,6132;134;65,87;7,73;12354,35;1,3354;1,9678;0,12942;0,008487;0,03848;0,022978;0,4857;0,00023
29.12.2006;9;21,329;1,628997463;0,458776783;112,0212;146,9;61,05;6,299;12463,15;1,3197;1,9588;0,128;0,008399;0,03798;0,022595;0,4676;0,00015
29.09.2006;9;19,4917;1,74444179;0,457491218;113,9471;106,2;62,91;5,62;11679,07;1,2674;1,8721;0,12652;0,008462;0,03732;0,021772;0,4598;0,00094
30.06.2006;9;19,0752;1,841522607;0,454335024;118,0865;-76;73,93;6,104;11150,22;1,2791;1,8483;0,1251;0,008739;0,03725;0,021713;0,462;0,00125
31.03.2006;9;17,4666;2,045171505;0,482358441;121,005;131,9;66,63;7,21;11109,32;1,2118;1,7372;0,12473;0,008491;0,03611;0,022411;0,4618;0,00158
30.12.2005;9;18,9201;2,21611573;0,424637719;136,7183;66,8;61,04;11,225;10717,5;1,1849;1,723;0,1239;0,008494;0,03476;0,022204;0,4277;0,00175
30.09.2005;9;20,4552;2,345164793;0,373524203;144,0369;4,4;66,24;13,921;10568,7;1,2026;1,7643;0,12356;0,008812;0,03503;0,02272;0,4484;0,00155
30.06.2005;9;15,5149;2,43124741;0,501818852;142,1233;41,3;56,5;6,981;10274,97;1,2108;1,7915;0,12077;0,009015;0,03493;0,022973;0,4287;0,00053
31.03.2005;9;15,3598;2,463315754;0,498867544;144,7659;201,1;55,4;7,653;10503,76;1,2964;1,8905;0,12082;0,009333;0,03587;0,022855;0,372;0,00113
31.12.2004;9;13,302;2,639546218;0,556182631;157,4887;73,4;43,45;6,149;10783,01;1,3554;1,9182;0,12082;0,009744;0,03606;0,022999;0,3769;0,00188
30.09.2004;9;9,8806;4,038085097;0,648217635;217,9848;98,6;49,64;6,795;10080,27;1,2436;1,812;0,12082;0,009087;0,03422;0,021751;0,3496;0,00206
30.06.2004;9;9,7173;4,209466329;0,657694931;238,7027;-18,2;37,05;6,155;10435,48;1,22;1,8204;0,12082;0,009194;0,0344;0,02175;0,3243;0,00081
31.03.2004;9;7,8146;5,586547032;0,828588119;273,3806;9,9;35,76;5,933;10357,7;1,2316;1,8462;0,12081;0,009591;0,0351;0,023;0,3454;0,0091
31.12.2003;9;8,0188;5,310132809;0,822642359;286,1664;-53,7;32,52;6,189;10453,92;1,2595;1,7858;0,12082;0,009327;0,0342;0,0219;0,346;0,01736
30.09.2003;9;7,6921;6,209924665;0,879997377;300,6521;106,3;29,2;4,83;9275,06;1,1657;1,6618;0,12081;0,008968;0,0326;0,02185;0,3448;0,01321
30.06.2003;9;6,4509;8,277361162;1,000995151;318,1807;269,7;30,19;5,411;8985,44;1,1512;1,6546;0,1208;0,008348;0,0329;0,0211;0,352;0,03242
31.03.2003;9;3,7399;14,9507215;1,933343682;300,2967;-814,5;31,04;5,06;7992,13;1,0915;1,5827;0,12081;0,008466;0,0319;0,02105;0,2982;0,03801
31.12.2002;9;2,2048;25,07974396;3,922829423;254,2438;-219,2;31,2;4,789;8341,63;1,0492;1,61;0,12081;0,008416;0,0313;0,0209;0,2825;0,04807
30.09.2002;9;1,8455;30,72732569;4,958921947;252,4937;-294,1;30,45;4,138;7591,93;0,9866;1,5684;0,12081;0,008215;0,03156;0,02067;0,2674;0,05033
28.06.2002;9;4,8913;12,14443386;2,098449649;220,6055;-349,1;26,86;3,245;9243,26;0,9915;1,5335;0,12081;0,008363;0,03177;0,02045;0,3549;0,05011
28.03.2002;9;19,2385;3,298682863;0,548658107;222,5594;107,7;26,31;3,283;10403,94;0,8717;1,4259;0,12081;0,007534;0,03204;0,02049;0,4301;0,04877
31.12.2001;9;20,839;2,935200022;0,545974478;154,7713;-1237,7;19,84;2,57;10021,5;0,8895;1,4546;0,12082;0,007595;0,03278;0,02072;0,4328;0,04981
28.09.2001;9;22,2925;2,717955831;0,606707209;132,2134;221,3;23,43;2,244;8847,56;0,9114;1,4744;0,12081;0,008364;0,03394;0,02089;0,3743;0,04607
29.06.2001;9;26,9062;2,105440125;0,436795377;145,0889;339,5;26,25;3,096;10502,4;0,849;1,4153;0,12082;0,008021;0,0343;0,02126;0,4309;0,04079
30.03.2001;9;32,1211;1,759214913;0,401461939;107,4654;199,2;26,29;5,025;9878,78;0,8767;1,4161;0,1208;0,007916;0,03477;0,02145;0,4651;0,03543
29.12.2000;9;29,9378;1,95900019;0,397578471;148,7879;-48,3;26,8;9,775;10786,85;0,9427;1,493;0,12081;0,008741;0,03551;0,02141;0,5128;0,03121
29.09.2000;9;31,6713;1,718405046;0,398399874;180,44;121,1;30,84;5,186;10650,92;0,8828;1,4754;0,12077;0,009247;0,03599;0,02173;0,5423;0,02772
30.06.2000;9;31,2526;1,538571108;0,380808147;156,379;351,8;32,5;4,476;10447,9;0,9525;1,5141;0,12079;0,009436;0,03562;0,02238;0,5556;0,02217
31.03.2000;9;32,9363;1,329398799;0,347237221;161,4195;99,7;26,9;2,945;10921,93;0,9555;1,5911;0,12079;0,009728;0,03489;0,02293;0,576;0,01705
31.12.1999;9;22,9102;1,854294833;0,491094528;163,317;122,3;25,6;2,329;11497,12;1,0062;1,6182;0,12078;0,009755;0,03629;0,02296;0,5559;0,01266
30.09.1999;9;28,2043;1,306440383;0,291203236;201,5831;28,1;24,51;2,744;10336,96;1,0684;1,6473;0,1208;0,009405;0,03962;0,02292;0,5161;0,00943
30.06.1999;9;31,9056;1,083389161;0,262384539;177,3273;18,1;19,29;2,394;10970,81;1,0351;1,5778;0,12079;0,008258;0,04122;0,02305;0,549;0,00922
31.03.1999;9;29,6099;1,123806788;0,283410658;177,2079;52,9;16,76;2,013;9786,16;1,0762;1,6112;0,12077;0,008413;0,0402;0,02356;0,5822;0,00943
31.12.1998;9;23,3787;1,396886773;0,357003044;163,8731;-33,7;12,05;1,945;9181,43;1,1736;1,66;0,12078;0,008779;0,04849;0,02353;0,8276;0,00851
30.09.1998;9;21,5515;1,442205528;0,374598205;157,7461;49,3;16,14;2,433;7842,62;1,1706;1,6989;0,1208;0,007328;0,06285;0,02355;0,8435;0,01113
30.06.1998;9;25,2996;1,226506129;0,317661737;152,372;78,8;14,18;2,469;8952,01;1,0851;1,6679;0,12077;0,007206;0,16134;0,02357;0,8647;0,01195
31.03.1998;9;23,9877;1,212566489;0,33392435;140,7832;68,1;15,61;2,522;8799,8;1,0589;1,6725;0,12078;0,007515;0,16377;0,02532;0,8795;0,01552
31.12.1997;9;21,3641;1,38425554;0,372256374;139,9187;57,5;17,64;2,264;7908,24;1,0909;1,6452;0,12078;0,007658;0,16784;0,02551;0,8961;0,01685
30.09.1997;9;17,5457;1,778299651;0,48764135;144,2054;13,7;21,18;3,082;7945,25;1,1106;1,6156;0,1207;0,008298;0,17061;0,02766;0,9124;0,01777
30.06.1997;9;16,3979;1,834280838;0,528468661;135,1384;118,5;19,8;2,139;7672,79;1,1255;1,6656;0,12061;0,008728;0,17295;0,02793;0,9289;0,01725
31.03.1997;9;16,7258;1,712445203;0,496982232;128,9137;178,6;20,41;1,926;6583,47;1,1654;1,6374;0,12054;0,008078;0,17464;0,02787;0,9439;0,02371
31.12.1996;9;14,0553;3,129747554;0,862149875;137,5621;106;25,92;2,757;6448,26;1,2716;1,714;0,1205;0,008643;0,18018;0,02789;0,9629;0,03656
30.09.1996;9;12,7435;2,209669422;0,626540437;134,3171;71;24,38;2,214;5882,16;1,2804;1,5653;0,12045;0,008977;0,18532;0,02795;0,9794;0,04286
28.06.1996;9;12,3687;2,229663796;0,64242133;128,2413;80,4;20,92;2,911;5654,62;1,2809;1,5527;0,12016;0,009114;0,19588;0,02849;0,9961;0,05895
