Date;Company;Oil;Gas;Market;EURUSD;Stock;Assets.to.Market.Cap;Debt.to.Equity;BV.Equity.to.Market.Cap;Net.Income
30.09.1996;1;0,153057485;-0,27369583;0,039451131;-0,000390427;-0,042624477;0,054213158;-0,045913295;0,739255437;-1,388722056
31.12.1996;1;0,061251747;0,219342298;0,091886286;-0,006896579;0,16311935;-0,141646822;-0,078301494;0,381188551;-1,117681643
31.03.1997;1;-0,238989895;-0,358697819;0,020751635;-0,087211574;0,09484625;-0,093056897;0,049681493;-0,163905633;-1,210444137
30.06.1997;1;-0,030343039;0,104893117;0,153118342;-0,034836994;0,128297301;-0,132286332;-0,019295047;-0,596920275;-1,271319524
30.09.1997;1;0,067375402;0,365240307;0,034893962;-0,013326972;0,044896881;-0,018712665;0,035416405;-0,767591991;-1,313352529
31.12.1997;1;-0,18288829;-0,308445577;-0,004669012;-0,017897366;-0,045916176;0,03860898;-0,057456445;-0,399140072;-1,116232229
31.03.1998;1;-0,122257316;0,107919077;0,10682374;-0,02977241;0,100033183;-0,107503998;0,038601976;-0,88443635;-1,313352529
30.06.1998;1;-0,096079213;-0,021239027;0,017149094;0,024441515;0,053969931;-0,068999862;-0,026922179;-1,061555417;-1,371329088
30.09.1998;1;0,129468142;-0,014688147;-0,132305126;0,075844289;-0,010563479;0,034855269;-0,005041442;-0,986591237;-1,435103303
31.12.1998;1;-0,292236003;-0,223863087;0,157610004;0,00255951;0,034786116;-0,006461619;0,173242691;-0,935166752;-0,903458258
31.03.1999;1;0,329930435;0,03436417;0,063786177;-0,08663963;-0,035670046;-0,039599661;-0,281352572;-1,039515184;-1,410753148
30.06.1999;1;0,140591732;0,17333946;0,114268967;-0,038938278;0,088927223;-0,083477511;0,102257519;-1,298410647;-1,274508235
30.09.1999;1;0,239494371;0,136451103;-0,059512287;0,031664162;-0,014694142;0,048821612;-0,025572388;-1,195644931;-1,206675661
31.12.1999;1;0,043511154;-0,163977719;0,106370747;-0,059981343;0,058301182;0,008456839;0,292304886;-1,170468008;-0,62777972
31.03.2000;1;0,049533935;0,234669826;-0,051323875;-0,051701374;-0,032325695;0,022221261;-0,171263513;-1,191422236;-0,83214709
30.06.2000;1;0,189113803;0,418620973;-0,044371693;-0,003144657;0,006389798;0,016153567;-0,085650083;-1,112212166;-0,527770156
29.09.2000;1;-0,052427541;0,147232897;0,019245272;-0,075991433;0,126723558;-0,11338626;-0,044077183;-1,400686861;-0,539365468
29.12.2000;1;-0,140410661;0,633865419;0,012681526;0,065649424;-0,024631563;0,032833945;-0,140565527;-1,102295218;-0,327751028
30.03.2001;1;-0,019213249;-0,665402652;-0,087938777;-0,07258324;-0,070741465;0,073641442;-0,017754821;-0,967150227;-0,391525243
29.06.2001;1;-0,00152265;-0,484314498;0,06121478;-0,032105672;0,075473882;-0,073617191;-0,152728483;-1,11574309;-0,548061952
28.09.2001;1;-0,113648737;-0,321850968;-0,171462088;0,070922693;-0,10301004;0,103941412;-0,015717687;-0,773463174;-0,919111929
31.12.2001;1;-0,166317151;0,135645911;0,12459107;-0,024322372;-0,002541297;-0,023007228;-0,059035234;-0,649155224;-1,064053326
28.03.2002;1;0,282248993;0,24485174;0,037451796;-0,020214179;0,109093996;-0,11550561;0,021675616;-1,127352044;-1,235084175
28.06.2002;1;0,020689096;-0,011642288;-0,118289943;0,12877362;-0,068699573;0,115083638;0,035680524;-0,799689028;-1,075648638
30.09.2002;1;0,125447803;0,243097229;-0,196808796;-0,004954259;-0,249012931;0,261502552;-0,032683773;0,085723712;-1,075648638
31.12.2002;1;0,024332101;0,146109042;0,0941728;0,061518559;0,091026295;-0,065714638;-0,047670065;-0,117095977;-0,655318586
31.03.2003;1;-0,0051414;0,055044862;-0,042801333;0,039524928;0,000286164;0,065333365;-0,036422564;0,004029548;0,199835658
30.06.2003;1;-0,027765952;0,067067435;0,117148182;0,05325198;0,02709734;-0,007065796;-0,08725504;0,059685701;-0,632127962
30.09.2003;1;-0,033342034;-0,113587451;0,031723588;0,012516888;0,019032432;-0,001200783;-0,066767498;0,066419051;-0,782867015
31.12.2003;1;0,107686575;0,247927055;0,11964795;0,077393052;0,113523826;-0,064565081;-0,115508444;0,068364241;0,086781368
31.03.2004;1;0,094974666;-0,042243535;-0,009246823;-0,02240068;0,014287687;0,023404356;0,060935055;-0,040707067;-0,263976813
30.06.2004;1;0,035438401;0,036734772;0,007481334;-0,009463278;0,065604916;-0,055952124;-0,034067738;-0,195211753;-0,162517835
30.09.2004;1;0,292528609;0,098922288;-0,034631491;0,01915954;0,084587817;-0,041234442;0,007810022;-0,400013267;-0,194404942
31.12.2004;1;-0,133186109;-0,099897581;0,067391699;0,086086215;0,058858235;-0,010141508;-0,300178237;-0,213605284;0,599873914
31.03.2005;1;0,242968742;0,218808261;-0,026238459;-0,044505421;0,150744853;-0,114973918;0,022933895;-0,780598002;0,43753955
30.06.2005;1;0,019661044;-0,091905555;-0,022022448;-0,068309894;-0,036392502;0,048756832;0,078968857;-0,602613657;0,373765335
30.09.2005;1;0,159043872;0,690206318;0,028185962;-0,006795419;0,100406556;-0,048776027;-0,102757143;-0,785702192;1,034698106
30.12.2005;1;-0,081755123;-0,215255058;0,013981117;-0,014827497;-0,123286822;0,131127073;-0,117991962;-0,087938096;1,263705514
31.03.2006;1;0,08762554;-0,442674482;0,035906476;0,022448475;0,080193338;-0,030427278;0,020179452;-0,407806052;0,594076259
30.06.2006;1;0,103963773;-0,166524657;0,003674833;0,054049848;0,008019027;0,032408998;0,01548146;-0,268942737;1,162246536
29.09.2006;1;-0,161413566;-0,08261263;0,046339122;-0,009189148;0,089588873;-0,05719687;0,020253406;-0,494808651;1,199931299
29.12.2006;1;-0,030011933;0,114059227;0,064977939;0,04043688;0,132804601;-0,137254798;-0,037593629;-0,84258337;1,130359428
30.03.2007;1;0,075989902;0,204717972;-0,008768063;0,011826434;-0,01551846;0,051788756;0,079282393;-0,836720045;0,849173118
29.06.2007;1;0,070479545;-0,132164742;0,081889556;0,013906155;0,105917021;-0,068137234;-0,016475486;-1,050071946;1,133258256
28.09.2007;1;0,144401638;0,014219986;0,035676618;0,052227058;0,098469877;-0,047488538;0,003435612;-1,230638301;0,886857881
31.12.2007;1;0,161575551;0,085469675;-0,046458984;0,022318642;0,012134377;0,025451436;0,001133802;-1,051695;1,539094169
31.03.2008;1;0,056706829;0,300000648;-0,078537789;0,078982338;-0,102293628;0,185325274;0,068291648;-0,75439699;1,315884417
30.06.2008;1;0,320795757;0,27910665;-0,077359004;-0,002092383;0,041115165;0,008474496;-0,051190962;-0,787867854;1,544891824
30.09.2008;1;-0,33009263;-0,585139083;-0,044992717;-0,111550515;-0,126472673;0,106975285;0,059365878;-0,272026773;2,458022627
31.12.2008;1;-0,813815934;-0,279914523;-0,212160746;-0,008623508;0,027559049;-0,121952111;-0,021318087;-0,519060527;0,425944238
31.03.2009;1;0,107465921;-0,398022224;-0,142743918;-0,0529862;-0,158922161;0,153716274;0,029983515;-0,062961145;-0,5219725
30.06.2009;1;0,341722797;0,015504187;0,104490105;0,057414146;0,026231487;-0,001245456;0,009598262;-0,113107486;-0,695902177
30.09.2009;1;0,0102492;0,232951876;0,139579715;0,04234581;-0,018770404;0,051591819;0,026329761;0,042221095;-0,469793597
31.12.2009;1;0,116822685;0,140632745;0,071108227;-0,022030517;-0,00614037;0,0277245;-0,028693672;0,202213653;-0,087148308
31.03.2010;1;0,053961104;-0,36475798;0,040276662;-0,05829684;-0,017903859;0,063657834;-0,035784925;0,387285976;-0,01467761
30.06.2010;1;-0,102102537;0,176532453;-0,105048108;-0,098884287;-0,160115483;0,261114738;0,559679822;1,853359395;0,350574711
30.09.2010;1;0,055798534;-0,17575736;0,098711195;0,108020808;0,079462955;-0,03958786;-0,145898623;1,656849953;0,289699324
31.12.2010;1;0,133375072;0,12896909;0,070625383;-0,018506709;0,168360388;-0,147236452;-0,211299893;0,914772844;0,840476634
31.03.2011;1;0,155181946;-0,003638849;0,062137619;0,056219872;0,140261294;-0,074813305;0,024539568;0,459114906;1,246312546
30.06.2011;1;-0,111920382;-0,003423488;0,007650214;0,024006736;-0,033233679;0,066973499;0,010875358;0,794536661;1,25500903
30.09.2011;1;-0,186311901;-0,176576773;-0,128862697;-0,080002484;-0,113751483;0,11887675;0,01415118;1,45568806;1,153550052
30.12.2011;1;0,221424904;-0,204162266;0,112884702;-0,032339238;0,154445674;-0,118139065;0,025132953;0,696897853;0,883959053
30.03.2012;1;0,041521942;-0,340696603;0,078254274;0,029047054;0,022976111;0,031060793;-0,105450697;0,744187457;0,898453193
29.06.2012;1;-0,192742587;0,28391204;-0,025445827;-0,051991716;-0,01346509;-0,019588977;-0,027719452;0,983429192;2,771096045
28.09.2012;1;0,081671107;0,161810463;0,042339062;0,015121532;0,06645762;-0,037348192;-0,252097159;0,845433047;0,933239128
31.12.2012;1;-0,004021526;0,009294026;-0,02509356;0,025564667;-0,055070093;0,063478165;-0,066223161;1,160607054;1,04339459
28.03.2013;1;0,057249167;0,183017624;0,106622374;-0,028757941;0,040308865;-0,01043568;0,13856576;1,06149417;0,912947332
28.06.2013;1;-0,006914729;-0,121112379;0,022454716;0,014789847;0,002659871;0,013087045;0,375539147;1,054706831;0,147656755
30.09.2013;1;0,058038308;-0,001403509;0,014652416;0,038969396;-0,048878713;0,073667995;0,072907394;1,465420533;0,440438377
31.12.2013;1;-0,03895885;0,172441448;0,091337965;0,015841915;0,162286452;-0,156651421;0,035754083;0,822559539;0,579582119
31.03.2014;1;0,03160263;0,032789823;-0,00720466;0,001890085;-0,035401927;0,062695062;-0,073664001;1,108219157;0,796994215
30.06.2014;1;0,0366313;0,02038114;0,022169945;-0,005607968;0,03025034;-0,007866839;-0,009788483;1,132442685;0,70423172
30.09.2014;1;-0,144861761;-0,079277104;0,012772727;-0,080657611;-0,068120615;0,058810226;0,00654774;1,510993695;0,498414936
31.12.2014;1;-0,537242883;-0,355185431;0,044759991;-0,04311396;-0,017158598;0,015903588;0,322895976;1,458341668;0,063590745
31.03.2015;1;-0,11254056;-0,090131504;-0,002637702;-0,119903401;-0,084016701;0,069922046;0,138268868;1,842640328;-0,40891821
30.06.2015;1;0,222639222;0,070204259;-0,008849173;0,038033654;-0,021403909;0,039610752;0,023386682;2,037017806;-0,626330306
30.09.2015;1;-0,276811491;-0,115138231;-0,078780794;0,002687692;-0,112463675;0,091845362;0,025990677;2,678752015;-0,611836166
31.12.2015;1;-0,196662083;-0,076976889;0,067681662;-0,028587636;0,047283923;-0,05712724;0,120168136;2,382074178;-1,035065046
30.09.1996;2;0,153057485;-0,27369583;0,039451131;-0,000390427;-0,104091845;0,139407346;0,042155803;-0,392938885;0,043929611
31.12.1996;2;0,061251747;0,219342298;0,091886286;-0,006896579;0,170290782;-0,133760315;-0,033291688;-0,768011674;0,057189738
31.03.1997;2;-0,238989895;-0,358697819;0,020751635;-0,087211574;-0,047363419;0,064571074;-0,022790612;-0,571283952;0,058246846
30.06.1997;2;-0,030343039;0,104893117;0,153118342;-0,034836994;-0,030305243;0,059477084;0,069361988;-0,456645739;0,041165012
30.09.1997;2;0,067375402;0,365240307;0,034893962;-0,013326972;0,277045936;-0,24384769;-0,049322139;-1,082034398;0,044337595
31.12.1997;2;-0,18288829;-0,308445577;-0,004669012;-0,017897366;-0,201154513;0,274921939;0,077355148;-0,520223875;0,053594689
31.03.1998;2;-0,122257316;0,107919077;0,10682374;-0,02977241;0,047004731;-0,101412823;-0,17194527;-0,541082545;0,035882619
30.06.1998;2;-0,096079213;-0,021239027;0,017149094;0,024441515;-0,154148585;0,16277673;0,029453435;-0,104533709;0,030770221
30.09.1998;2;0,129468142;-0,014688147;-0,132305126;0,075844289;-0,161125708;0,161655981;-0,131279404;0,58644088;0,02697055
31.12.1998;2;-0,292236003;-0,223863087;0,157610004;0,00255951;-0,057565448;0,021024035;0,121407827;0,482366947;-0,075265464
31.03.1999;2;0,329930435;0,03436417;0,063786177;-0,08663963;0,029201321;-0,006120344;0,133274596;0,362884774;0,023590196
30.06.1999;2;0,140591732;0,17333946;0,114268967;-0,038938278;0,403060269;-0,375703111;-0,327155106;-0,338958714;0,045586103
30.09.1999;2;0,239494371;0,136451103;-0,059512287;0,031664162;0,101991127;-0,097218365;-0,096945791;-0,559273396;0,07077663
31.12.1999;2;0,043511154;-0,163977719;0,106370747;-0,059981343;-0,15632196;0,267453894;0,22555215;0,009403833;0,086327263
31.03.2000;2;0,049533935;0,234669826;-0,051323875;-0,051701374;0,297780811;-0,25706639;0,005244931;-0,729867455;0,098180851
30.06.2000;2;0,189113803;0,418620973;-0,044371693;-0,003144657;0,167345493;-0,087534682;0,078416405;-1,007982416;0,116460195
29.09.2000;2;-0,052427541;0,147232897;0,019245272;-0,075991433;0,005296241;-0,001517434;-0,313515042;-0,768897209;0,154766039
29.12.2000;2;-0,140410661;0,633865419;0,012681526;0,065649424;0,169735785;-0,067925001;0,051089846;-0,998120912;0,186838787
30.03.2001;2;-0,019213249;-0,665402652;-0,087938777;-0,07258324;-0,195691737;0,350095687;0,142916107;-0,371310189;0,202630559
29.06.2001;2;-0,00152265;-0,484314498;0,06121478;-0,032105672;-0,126784651;0,142438824;-0,114605552;0,262385466;0,15449342
28.09.2001;2;-0,113648737;-0,321850968;-0,171462088;0,070922693;-0,16571264;0,179776049;-0,240818235;1,361063616;0,123698143
31.12.2001;2;-0,166317151;0,135645911;0,12459107;-0,024322372;0,243731987;-0,258609467;-0,033669358;0,394233893;0,074454787
28.03.2002;2;0,282248993;0,24485174;0,037451796;-0,020214179;0,131322335;-0,130147875;0,000664453;-0,007530466;0,075746738
28.06.2002;2;0,020689096;-0,011642288;-0,118289943;0,12877362;0,010492759;-0,033686715;-0,073997467;-0,052758765;0,117072801
30.09.2002;2;0,125447803;0,243097229;-0,196808796;-0,004954259;0,033698765;-0,025872357;-0,030829978;-0,124657644;0,117210055
31.12.2002;2;0,024332101;0,146109042;0,0941728;0,061518559;-0,042258793;0,015459201;-0,032962355;-0,051074;0,138799867
31.03.2003;2;-0,0051414;0,055044862;-0,042801333;0,039524928;0,128846194;-0,00707755;-0,257016974;-0,033398755;0,238346835
30.06.2003;2;-0,027765952;0,067067435;0,117148182;0,05325198;0,052377902;0,03640188;0,149138574;-0,07380962;0,178818869
30.09.2003;2;-0,033342034;-0,113587451;0,031723588;0,012516888;0,063712019;-0,036028661;0,099286757;-0,358087867;0,199331424
31.12.2003;2;0,107686575;0,247927055;0,11964795;0,077393052;0,156661021;-0,14433761;-0,114106343;-0,681433339;0,189668865
31.03.2004;2;0,094974666;-0,042243535;-0,009246823;-0,02240068;0,062610029;-0,035530713;-0,11046841;-0,71655783;0,243003399
30.06.2004;2;0,035438401;0,036734772;0,007481334;-0,009463278;0,008763894;0,024528529;-0,056746477;-0,601603733;0,266425363
30.09.2004;2;0,292528609;0,098922288;-0,034631491;0,01915954;0,140310886;-0,043167226;0,168101643;-0,819792754;0,295984724
31.12.2004;2;-0,133186109;-0,099897581;0,067391699;0,086086215;0,009137926;0,046269125;-0,122253228;-0,686583119;0,345064382
31.03.2005;2;0,242968742;0,218808261;-0,026238459;-0,044505421;0,19127875;-0,145981209;-0,072004771;-1,019693369;0,377838511
30.06.2005;2;0,019661044;-0,091905555;-0,022022448;-0,068309894;0,053577145;-0,017945218;-0,085384773;-1,0008227;0,395182261
30.09.2005;2;0,159043872;0,690206318;0,028185962;-0,006795419;0,152202742;-0,097546689;-0,17758328;-1,205763512;0,457491195
30.12.2005;2;-0,081755123;-0,215255058;0,013981117;-0,014827497;-0,09329148;0,16724696;-0,081765239;-0,834494329;0,521224298
31.03.2006;2;0,08762554;-0,442674482;0,035906476;0,022448475;-0,044922871;0,081308654;0,002439717;-0,562423235;0,441074854
30.06.2006;2;0,103963773;-0,166524657;0,003674833;0,054049848;0,040974631;0,053673949;0,343274124;-0,530761458;0,480553654
29.09.2006;2;-0,161413566;-0,08261263;0,046339122;-0,009189148;-0,076873133;0,143185723;-0,017521603;-0,126543353;0,432350407
29.12.2006;2;-0,030011933;0,114059227;0,064977939;0,04043688;0,051048011;-0,018089761;0,003398512;-0,162904257;0,352879679
30.03.2007;2;0,075989902;0,204717972;-0,008768063;0,011826434;0,061093261;0,006979876;0,25210679;-0,289991017;0,335318715
29.06.2007;2;0,070479545;-0,132164742;0,081889556;0,013906155;0,143261133;-0,112665871;-0,053049207;-0,559661575;0,42383436
28.09.2007;2;0,144401638;0,014219986;0,035676618;0,052227058;0,098769409;-0,074350001;-0,065090975;-0,715100525;0,411122619
31.12.2007;2;0,161575551;0,085469675;-0,046458984;0,022318642;0,177386757;-0,143268615;-0,186700362;-1,017896969;0,700221847
31.03.2008;2;0,056706829;0,300000648;-0,078537789;0,078982338;0,116438963;-0,07799463;-0,065480802;-1,171413518;0,668105657
30.06.2008;2;0,320795757;0,27910665;-0,077359004;-0,002092383;0,140172098;-0,07591162;-0,049525969;-1,391154525;0,934879694
30.09.2008;2;-0,33009263;-0,585139083;-0,044992717;-0,111550515;-0,287394344;0,321128203;-0,124715883;-0,474611759;0,774705469
31.12.2008;2;-0,813815934;-0,279914523;-0,212160746;-0,008623508;-0,33587786;0,21318639;0,320982335;0,149217367;-1,829619749
31.03.2009;2;0,107465921;-0,398022224;-0,142743918;-0,0529862;-0,150913383;0,045082797;0,111336852;0,271966386;-1,081224374
30.06.2009;2;0,341722797;0,015504187;0,104490105;0,057414146;0,11845894;-0,115990564;-0,003490164;-0,073228935;0,304953458
30.09.2009;2;0,0102492;0,232951876;0,139579715;0,04234581;0,241191756;-0,211746698;-0,009719773;-0,676762744;0,303251004
31.12.2009;2;0,116822685;0,140632745;0,071108227;-0,022030517;0,116439071;-0,082557545;-0,023633746;-0,891946344;0,393782017
31.03.2010;2;0,053961104;-0,36475798;0,040276662;-0,05829684;-0,016319315;0,050586024;-0,060906828;-0,715216888;0,468815285
30.06.2010;2;-0,102102537;0,176532453;-0,105048108;-0,098884287;-0,186982649;0,225367026;-0,063619899;-0,053058811;0,566556543
30.09.2010;2;0,055798534;-0,17575736;0,098711195;0,108020808;0,149439346;-0,03183663;0,045990106;-0,08087253;0,514788468
31.12.2010;2;0,133375072;0,12896909;0,070625383;-0,018506709;0,198538905;-0,084608437;0,117574576;-0,489502745;0,458753555
31.03.2011;2;0,155181946;-0,003638849;0,062137619;0,056219872;0,093532049;-0,063462879;-0,030793087;-0,65350115;0,738928121
30.06.2011;2;-0,111920382;-0,003423488;0,007650214;0,024006736;-0,059236379;0,094439406;-0,095138502;-0,346882376;0,817628842
30.09.2011;2;-0,186311901;-0,176576773;-0,128862697;-0,080002484;-0,430327927;0,450102803;-0,131717523;1,374000278;0,65582016
30.12.2011;2;0,221424904;-0,204162266;0,112884702;-0,032339238;0,121211294;-0,029572955;-0,036375106;1,011053911;0,773556438
30.03.2012;2;0,041521942;-0,340696603;0,078254274;0,029047054;0,103327096;-0,081752506;0,062538133;0,690341611;0,526750978
29.06.2012;2;-0,192742587;0,28391204;-0,025445827;-0,051991716;-0,133474502;0,188261481;0,230937968;1,306634159;0,249094835
28.09.2012;2;0,081671107;0,161810463;0,042339062;0,015121532;-0,0162885;0,043559193;0,126489664;1,385473781;0,13828422
31.12.2012;2;-0,004021526;0,009294026;-0,02509356;0,025564667;-0,096698908;0,127999558;0,03943037;1,944737552;0,445531834
28.03.2013;2;0,057249167;0,183017624;0,106622374;-0,028757941;-0,017217437;0,033919758;-0,009926804;2,139996099;0,476382516
28.06.2013;2;-0,006914729;-0,121112379;0,022454716;0,014789847;0,082909751;-0,051704361;0,000755878;1,860948439;0,67659715
30.09.2013;2;0,058038308;-0,001403509;0,014652416;0,038969396;0,015506022;-0,102518568;-0,164351809;1,642918493;0,217614546
31.12.2013;2;-0,03895885;0,172441448;0,091337965;0,015841915;0,009352418;0,033966122;-0,186934733;2,052680848;0,134506585
31.03.2014;2;0,03160263;0,032789823;-0,00720466;0,001890085;-0,035411362;0,041526611;0,000760341;2,286860363;0,173542143
30.06.2014;2;0,0366313;0,02038114;0,022169945;-0,005607968;0,193113028;-0,17226335;0,008340247;1,381385882;0,342906094
30.09.2014;2;-0,144861761;-0,079277104;0,012772727;-0,080657611;-0,069440199;0,081000635;0,177408395;1,509815669;-0,812420488
31.12.2014;2;-0,537242883;-0,355185431;0,044759991;-0,04311396;-0,404027982;0,318643999;0,188143522;2,815917038;-3,005966978
31.03.2015;2;-0,11254056;-0,090131504;-0,002637702;-0,119903401;-0,038053372;-0,102885073;0,271612909;1,995835005;-2,903341238
30.06.2015;2;0,222639222;0,070204259;-0,008849173;0,038033654;-0,045786227;-0,277478964;0,038529175;0,919483232;-3,500837111
30.09.2015;2;-0,276811491;-0,115138231;-0,078780794;0,002687692;-0,386387448;0,147550673;0,296582695;0,887699197;-3,535465428
31.12.2015;2;-0,196662083;-0,076976889;0,067681662;-0,028587636;0,127158987;-0,516577897;1,040841724;-1,912428047;-4,516391212
30.09.1996;3;0,153057485;-0,27369583;0,039451131;-0,000390427;-0,107055239;0,13530148;-0,026299358;1,177311676;0,35274374
31.12.1996;3;0,061251747;0,219342298;0,091886286;-0,006896579;0,022350833;0,018356449;0,187631111;0,874709942;-0,01346301
31.03.1997;3;-0,238989895;-0,358697819;0,020751635;-0,087211574;-0,080507486;0,072883448;-0,056985374;1,302991292;0,030900642
30.06.1997;3;-0,030343039;0,104893117;0,153118342;-0,034836994;0,026594388;-0,149034579;-0,024041865;0,795416791;0,14310518
30.09.1997;3;0,067375402;0,365240307;0,034893962;-0,013326972;0,014472148;0,306273049;0,244859058;1,411832034;0,362902175
31.12.1997;3;-0,18288829;-0,308445577;-0,004669012;-0,017897366;0,206917595;-0,185601003;0,062780961;0,608939144;-0,081747676
31.03.1998;3;-0,122257316;0,107919077;0,10682374;-0,02977241;0,072105775;-0,079326649;0,07450463;0,316838892;-0,130969554
30.06.1998;3;-0,096079213;-0,021239027;0,017149094;0,024441515;0,06928166;-0,067564213;0,011876054;0,093896334;-0,000325677
30.09.1998;3;0,129468142;-0,014688147;-0,132305126;0,075844289;0,010090999;0,049609545;-0,005894521;0,136301297;0,377289998
31.12.1998;3;-0,292236003;-0,223863087;0,157610004;0,00255951;0,029676046;-0,091231419;0,21056895;-0,284626136;-0,801834145
31.03.1999;3;0,329930435;0,03436417;0,063786177;-0,08663963;-0,207192689;0,231311016;0,003307707;0,326187936;-0,44730762
30.06.1999;3;0,140591732;0,17333946;0,114268967;-0,038938278;0,058224355;-0,027562033;0,038255326;0,161919959;0,071304409
30.09.1999;3;0,239494371;0,136451103;-0,059512287;0,031664162;-0,020571485;0,133894311;-0,249361633;0,961622534;2,974717876
31.12.1999;3;0,043511154;-0,163977719;0,106370747;-0,059981343;-0,168103164;0,331188269;0,248700034;1,481328407;-0,150499479
31.03.2000;3;0,049533935;0,234669826;-0,051323875;-0,051701374;0,029613181;0,063821601;0,18824535;1,529710661;0,176038347
30.06.2000;3;0,189113803;0,418620973;-0,044371693;-0,003144657;0,226848567;-0,155275519;0,055126889;0,770671923;0,337197057
29.09.2000;3;-0,052427541;0,147232897;0,019245272;-0,075991433;0,452944522;-0,511142643;-0,308428224;-0,304493665;0,635579091
29.12.2000;3;-0,140410661;0,633865419;0,012681526;0,065649424;-0,07100958;0,170920529;-0,005363075;-0,248376938;-0,600875352
30.03.2001;3;-0,019213249;-0,665402652;-0,087938777;-0,07258324;0,043759631;-0,02850053;0,000729029;-0,308824714;0,408616932
29.06.2001;3;-0,00152265;-0,484314498;0,06121478;-0,032105672;-0,339925013;0,359035998;-0,464581717;1,624720353;0,505132849
28.09.2001;3;-0,113648737;-0,321850968;-0,171462088;0,070922693;-0,201945245;0,146798236;-0,125740398;2,512624159;0,574770416
31.12.2001;3;-0,166317151;0,135645911;0,12459107;-0,024322372;0,007565665;-0,056482681;0,237171301;1,624212031;0,020505045
28.03.2002;3;0,282248993;0,24485174;0,037451796;-0,020214179;-0,027912203;0,214401783;0,44710197;2,272283964;-0,031370531
28.06.2002;3;0,020689096;-0,011642288;-0,118289943;0,12877362;-0,422668985;0,45291655;0,030443131;4,858888209;0,335224301
30.09.2002;3;0,125447803;0,243097229;-0,196808796;-0,004954259;-0,523736217;-0,180031241;0,958256136;0,350984876;-7,498553683
31.12.2002;3;0,024332101;0,146109042;0,0941728;0,061518559;-0,01516457;0,219489658;0,33849352;-0,032955564;-0,20132759
31.03.2003;3;-0,0051414;0,055044862;-0,042801333;0,039524928;-0,127713081;0,187318217;-0,080004669;0,816900732;0,214463967
30.06.2003;3;-0,027765952;0,067067435;0,117148182;0,05325198;0,14499031;-0,172158942;-0,047703798;0,423321889;0,025616603
30.09.2003;3;-0,033342034;-0,113587451;0,031723588;0,012516888;0,117919359;-0,112001249;-0,102048245;0,377922694;0,238347251
31.12.2003;3;0,107686575;0,247927055;0,11964795;0,077393052;0,05515714;0,009561515;-0,085370072;0,426592255;0,038128691
31.03.2004;3;0,094974666;-0,042243535;-0,009246823;-0,02240068;0,165147052;-0,183104035;-0,024338649;0,089688933;0,044057739
30.06.2004;3;0,035438401;0,036734772;0,007481334;-0,009463278;0,006105558;-0,006345461;-0,056508145;0,123527835;0,015427624
30.09.2004;3;0,292528609;0,098922288;-0,034631491;0,01915954;-0,104394799;0,025476022;0,898346826;-1,262806284;-2,129184487
31.12.2004;3;-0,133186109;-0,099897581;0,067391699;0,086086215;0,086850489;-0,165830008;-0,453581718;-1,044892196;0,091513479
31.03.2005;3;0,242968742;0,218808261;-0,026238459;-0,044505421;0,062600804;-0,09620139;0,022458295;-1,099330762;0,032223
30.06.2005;3;0,019661044;-0,091905555;-0,022022448;-0,068309894;0,093570589;-0,194513334;-0,108092172;-1,171468859;0,008866144
30.09.2005;3;0,159043872;0,690206318;0,028185962;-0,006795419;0,118371642;-0,082129399;-0,029834143;-1,279971234;0,001679419
30.12.2005;3;-0,081755123;-0,215255058;0,013981117;-0,014827497;-0,146001949;0,182153302;-0,056668861;-1,011733097;0,057376537
31.03.2006;3;0,08762554;-0,442674482;0,035906476;0,022448475;-0,074287575;0,028204454;-0,040597793;-0,850513555;0,069953305
30.06.2006;3;0,103963773;-0,166524657;0,003674833;0,054049848;0,046672408;-0,029899958;-0,075881854;-0,745333285;0,260401512
29.09.2006;3;-0,161413566;-0,08261263;0,046339122;-0,009189148;0,135928517;-0,12248224;-0,047030953;-0,902024251;0,060969899
29.12.2006;3;-0,030011933;0,114059227;0,064977939;0,04043688;0,146539988;-0,113737835;0,011626816;-1,127765299;0,032223
30.03.2007;3;0,075989902;0,204717972;-0,008768063;0,011826434;0,078835707;-0,123956547;-0,044612169;-1,182426817;0,145413916
29.06.2007;3;0,070479545;-0,132164742;0,081889556;0,013906155;-0,03056265;0,032622574;0,0022853;-1,115364466;0,037613043
28.09.2007;3;0,144401638;0,014219986;0,035676618;0,052227058;-0,08200824;0,083446598;-0,01331761;-0,959986934;0,075343349
31.12.2007;3;0,161575551;0,085469675;-0,046458984;0,022318642;0,066369346;-0,039543029;-0,01970812;-1,00389899;0,105886929
31.03.2008;3;0,056706829;0,300000648;-0,078537789;0,078982338;-0,182671881;0,147466412;-0,064010812;-0,678518611;0,131040466
30.06.2008;3;0,320795757;0,27910665;-0,077359004;-0,002092383;0,117549418;-0,127503199;-0,023009613;-0,86759659;0,093310161
30.09.2008;3;-0,33009263;-0,585139083;-0,044992717;-0,111550515;-0,096744229;0,144806677;-0,005512705;-0,631570682;0,156194003
31.12.2008;3;-0,813815934;-0,279914523;-0,212160746;-0,008623508;-0,143681763;0,168156489;0,055282427;-0,407842866;0,068156624
31.03.2009;3;0,107465921;-0,398022224;-0,142743918;-0,0529862;-0,190596588;0,136332175;-0,045063459;0,052436697;0,032223
30.06.2009;3;0,341722797;0,015504187;0,104490105;0,057414146;0,060455412;-0,107952389;-0,115567375;-0,008878183;0,066359943
30.09.2009;3;0,0102492;0,232951876;0,139579715;0,04234581;0,114971224;-0,187160056;-0,209744445;-0,099427868;0,116667016
31.12.2009;3;0,116822685;0,140632745;0,071108227;-0,022030517;0,154725161;-0,098125973;0,047163084;-0,398707966;0,100496885
31.03.2010;3;0,053961104;-0,36475798;0,040276662;-0,05829684;-0,010391503;-0,019297432;-0,076340057;-0,339838266;0,116667016
30.06.2010;3;-0,102102537;0,176532453;-0,105048108;-0,098884287;-0,087264638;0,029071601;-0,11955709;-0,018490365;0,057372943
30.09.2010;3;0,055798534;-0,17575736;0,098711195;0,108020808;0,177751861;-0,187911709;-0,052723961;-0,375588679;0,132837147
31.12.2010;3;0,133375072;0,12896909;0,070625383;-0,018506709;0;0,031609768;-0,00436486;-0,33943348;0,134633828
31.03.2011;3;0,155181946;-0,003638849;0,062137619;0,056219872;0,110689801;-0,137620599;-0,056353811;-0,521105973;0,177754177
30.06.2011;3;-0,111920382;-0,003423488;0,007650214;0,024006736;0,097068831;-0,093915279;-0,021525202;-0,675311446;0,125650422
30.09.2011;3;-0,186311901;-0,176576773;-0,128862697;-0,080002484;0,013857035;0,048679196;-0,241430064;-0,230835632;1,660016169
30.12.2011;3;0,221424904;-0,204162266;0,112884702;-0,032339238;0,023672725;0,011401683;0,009919982;-0,275201657;0,12205706
30.03.2012;3;0,041521942;-0,340696603;0,078254274;0,029047054;-0,01858883;0,044974643;0,072047997;-0,207991204;0,175957496
29.06.2012;3;-0,192742587;0,28391204;-0,025445827;-0,051991716;0,047050025;-0,041730712;-0,012872939;-0,28811699;0,138227191
28.09.2012;3;0,081671107;0,161810463;0,042339062;0,015121532;0,030023699;-0,030065406;0,004279515;-0,388105044;-0,070187829
31.12.2012;3;-0,004021526;0,009294026;-0,02509356;0,025564667;-0,101196012;0,117267976;-0,017910747;-0,149319762;0,15260064
28.03.2013;3;0,057249167;0,183017624;0,106622374;-0,028757941;0,218874713;-0,242245209;-0,07772646;-0,571625312;0,175957496
28.06.2013;3;-0,006914729;-0,121112379;0,022454716;0,014789847;-0,019810975;-0,012731669;-0,02600987;-0,613042852;-0,267822761
30.09.2013;3;0,058038308;-0,001403509;0,014652416;0,038969396;0,02022825;-0,024144204;-0,042824737;-0,61985647;0,183144221
31.12.2013;3;-0,03895885;0,172441448;0,091337965;0,015841915;-0,033513211;0,046254684;-0,018700296;-0,529477406;0,114870335
31.03.2014;3;0,03160263;0,032789823;-0,00720466;0,001890085;0,02176318;-0,00565115;0,004906438;-0,537214388;0,244231382
30.06.2014;3;0,0366313;0,02038114;0,022169945;-0,005607968;0,075192832;-0,090874598;-0,009050276;-0,670717635;0,104090248
30.09.2014;3;-0,144861761;-0,079277104;0,012772727;-0,080657611;-0,042797973;0,048620403;-3,28E-05;-0,573416691;0,168770771
31.12.2014;3;-0,537242883;-0,355185431;0,044759991;-0,04311396;-0,043430625;0,093886086;0,012933941;-0,458925033;0,228061251
31.03.2015;3;-0,11254056;-0,090131504;-0,002637702;-0,119903401;-0,137992276;0,114402033;-0,038407241;-0,154157612;0,147210597
30.06.2015;3;0,222639222;0,070204259;-0,008849173;0,038033654;-0,070008296;0,066880519;0,004444051;-0,001676686;0,050189812
30.09.2015;3;-0,276811491;-0,115138231;-0,078780794;0,002687692;-0,053425167;0,016281739;0,124196115;-0,145904942;-0,790656991
31.12.2015;3;-0,196662083;-0,076976889;0,067681662;-0,028587636;0,017582871;-0,037571658;0,178030639;-0,516053387;-1,002665373
30.09.1996;4;0,153057485;-0,27369583;0,039451131;-0,000390427;0,059627115;-0,047053499;-0,011896623;-0,713607916;-1,024137049
31.12.1996;4;0,061251747;0,219342298;0,091886286;-0,006896579;0,03722271;-0,045091049;-0,118515347;-0,785721841;-1,105767437
31.03.1997;4;-0,238989895;-0,358697819;0,020751635;-0,087211574;0,068736428;-0,067094313;-0,019535107;-0,868428566;-0,948917424
30.06.1997;4;-0,030343039;0,104893117;0,153118342;-0,034836994;0,060097796;-0,060824795;-0,076394209;-0,950696838;-0,952336498
30.09.1997;4;0,067375402;0,365240307;0,034893962;-0,013326972;0,116373046;-0,104921679;-0,065577907;-1,135637769;-0,993365384
31.12.1997;4;-0,18288829;-0,308445577;-0,004669012;-0,017897366;-0,075789119;0,077096097;-0,048529754;-0,924623751;-0,930112518
31.03.1998;4;-0,122257316;0,107919077;0,10682374;-0,02977241;0,042121098;-0,028667634;0,152401377;-1,008294148;-1,087389915
30.06.1998;4;-0,096079213;-0,021239027;0,017149094;0,024441515;0,04190965;-0,033437982;0,015867061;-1,073165656;-1,057473019
30.09.1998;4;0,129468142;-0,014688147;-0,132305126;0,075844289;0,003725589;0,010193522;-0,00728784;-1,084166059;-1,10704959
31.12.1998;4;-0,292236003;-0,223863087;0,157610004;0,00255951;-0,013473242;0,011704611;0,083984233;-1,123564961;-1,392114873
31.03.1999;4;0,329930435;0,03436417;0,063786177;-0,08663963;0,067734911;-0,038213691;0,064206598;-1,243451408;-1,163464309
30.06.1999;4;0,140591732;0,17333946;0,114268967;-0,038938278;0,068712194;-0,052973277;0,000963342;-1,373857238;-1,15448924
30.09.1999;4;0,239494371;0,136451103;-0,059512287;0,031664162;-0,068712194;0,112791212;0,013873501;-1,232069511;-1,055336098
31.12.1999;4;0,043511154;-0,163977719;0,106370747;-0,059981343;-0,024234971;0,036857462;0,045415216;-1,13835262;-0,958319877
31.03.2000;4;0,049533935;0,234669826;-0,051323875;-0,051701374;0,064945365;-0,044069416;-0,015104334;-1,223302587;-0,857884582
30.06.2000;4;0,189113803;0,418620973;-0,044371693;-0,003144657;-0,086089706;0,088142243;-0,207324557;-0,970256562;-0,827112918
29.09.2000;4;-0,052427541;0,147232897;0,019245272;-0,075991433;0,005143999;0,018076168;-0,073149506;-0,925984985;-0,649748461
29.12.2000;4;-0,140410661;0,633865419;0,012681526;0,065649424;-0,009575316;0,126077225;0,221248283;-0,712251881;-0,432637271
30.03.2001;4;-0,019213249;-0,665402652;-0,087938777;-0,07258324;0,039048701;-0,127325123;-0,394762898;-0,726151985;-0,264247884
29.06.2001;4;-0,00152265;-0,484314498;0,06121478;-0,032105672;0,03028835;-0,003259859;-0,040483658;-0,694771333;-0,403147759
28.09.2001;4;-0,113648737;-0,321850968;-0,171462088;0,070922693;-0,065644104;0,07628988;-0,053258179;-0,44015827;-0,76172313
31.12.2001;4;-0,166317151;0,135645911;0,12459107;-0,024322372;0,055761175;-0,008169851;0,575060141;-0,847963041;-2,381936755
28.03.2002;4;0,282248993;0,24485174;0,037451796;-0,020214179;0,007338258;0,006485676;0,018590086;-0,853624877;-0,994220153
28.06.2002;4;0,020689096;-0,011642288;-0,118289943;0,12877362;-0,019802627;0,006082656;-0,050792426;-0,834691912;-1,130128338
30.09.2002;4;0,125447803;0,243097229;-0,196808796;-0,004954259;-0,245279407;0,229689936;0,033767889;-0,340036478;-1,690429067
31.12.2002;4;0,024332101;0,146109042;0,0941728;0,061518559;-0,040821995;0,052699952;0,000790682;-0,2700189;-0,917718375
31.03.2003;4;-0,0051414;0,055044862;-0,042801333;0,039524928;-0,027913045;0,077441386;-0,099631036;-0,077477641;-0,483495995
30.06.2003;4;-0,027765952;0,067067435;0,117148182;0,05325198;0,110451941;-0,119703776;-0,191933926;-0,290924487;-0,620258949
30.09.2003;4;-0,033342034;-0,113587451;0,031723588;0,012516888;-0,010442142;0,019220754;-0,019659936;-0,171192044;-0,459989862
31.12.2003;4;0,107686575;0,247927055;0,11964795;0,077393052;0,189874024;-0,18809727;-0,080787929;-0,608555691;-0,562562078
31.03.2004;4;0,094974666;-0,042243535;-0,009246823;-0,02240068;0,015961756;0,026866568;-0,066019318;-0,522265142;-0,209115318
30.06.2004;4;0,035438401;0,036734772;0,007481334;-0,009463278;0,069630627;-0,025161852;-0,092007916;-0,51132385;0,458886237
30.09.2004;4;0,292528609;0,098922288;-0,034631491;0,01915954;0,130977928;-0,098182526;-0,06575217;-0,717040445;0,063983207
31.12.2004;4;-0,133186109;-0,099897581;0,067391699;0,086086215;-0,021291431;0,050484736;-0,103877972;-0,516878934;0,166128038
31.03.2005;4;0,242968742;0,218808261;-0,026238459;-0,044505421;0,104769978;-0,073076837;-0,049659955;-0,695242024;-0,159966131
30.06.2005;4;0,019661044;-0,091905555;-0,022022448;-0,068309894;-0,041851507;0,081898459;-0,020484107;-0,469674096;0,270409791
30.09.2005;4;0,159043872;0,690206318;0,028185962;-0,006795419;0,146302675;0,010532129;-0,008569665;-0,483972668;0,23194521
30.12.2005;4;-0,081755123;-0,215255058;0,013981117;-0,014827497;-0,131216755;0,144880434;-0,11431541;0,025836453;0,467006538
31.03.2006;4;0,08762554;-0,442674482;0,035906476;0,022448475;0,020917618;0,001312701;-0,094922838;0,090545358;0,403753671
30.06.2006;4;0,103963773;-0,166524657;0,003674833;0,054049848;0,068176024;-0,033105306;-0,188662224;0,001250154;0,556329842
29.09.2006;4;-0,161413566;-0,08261263;0,046339122;-0,009189148;0,044129442;-0,013754958;-0,035068383;0,011893837;0,840112972
29.12.2006;4;-0,030011933;0,114059227;0,064977939;0,04043688;0,125462385;-0,129555969;-0,045020278;-0,364360943;0,308019603
30.03.2007;4;0,075989902;0,204717972;-0,008768063;0,011826434;0,00583092;0,026423252;-0,024820008;-0,260095067;0,711042934
29.06.2007;4;0,070479545;-0,132164742;0,081889556;0,013906155;0,130145461;-0,111123681;-0,23174523;-0,531959277;0,995253449
28.09.2007;4;0,144401638;0,014219986;0,035676618;0,052227058;0,105146818;-0,080674159;-0,313132266;-0,706737694;0,284940855
31.12.2007;4;0,161575551;0,085469675;-0,046458984;0,022318642;-0,002675086;0,076731902;0,150557228;-0,60661425;0,779424411
31.03.2008;4;0,056706829;0,300000648;-0,078537789;0,078982338;-0,089263993;0,116192381;-0,089670274;-0,296829626;0,904647991
30.06.2008;4;0,320795757;0,27910665;-0,077359004;-0,002092383;0,149554513;-0,067483822;-0,057253315;-0,550318042;1,249547067
30.09.2008;4;-0,33009263;-0,585139083;-0,044992717;-0,111550515;-0,18387628;0,211061598;-0,011479067;0,178212037;2,069270024
31.12.2008;4;-0,813815934;-0,279914523;-0,212160746;-0,008623508;-0,108896234;0,094742334;0,246392353;0,605488855;0,787972096
31.03.2009;4;0,107465921;-0,398022224;-0,142743918;-0,0529862;-0,095391297;0,084322959;0,306791575;1,009771654;-0,518968886
30.06.2009;4;0,341722797;0,015504187;0,104490105;0,057414146;-0,014832844;0,025485677;-0,018586018;1,101289265;-0,558288236
30.09.2009;4;0,0102492;0,232951876;0,139579715;0,04234581;0,061183844;-0,052143708;-0,165048523;0,976583852;0,333235273
31.12.2009;4;0,116822685;0,140632745;0,071108227;-0,022030517;0,089056235;-0,0782035;-0,017229015;0,676317814;0,007995872
31.03.2010;4;0,053961104;-0,36475798;0,040276662;-0,05829684;-0,015181551;0,040573649;-0,049363002;0,877648383;0,641379304
30.06.2010;4;-0,102102537;0,176532453;-0,105048108;-0,098884287;-0,111047233;0,126596562;-0,034753786;1,538904661;1,007647591
30.09.2010;4;0,055798534;-0,17575736;0,098711195;0,108020808;0,177619489;-0,147274932;-0,012468965;0,881818234;0,306310066
31.12.2010;4;0,133375072;0,12896909;0,070625383;-0,018506709;0,118536744;-0,074242138;0,05035328;0,542192432;0,958925789
31.03.2011;4;0,155181946;-0,003638849;0,062137619;0,056219872;0,163794828;-0,112644947;-0,037941773;0,133021845;1,350409746
30.06.2011;4;-0,111920382;-0,003423488;0,007650214;0,024006736;-0,044223438;0,083075875;-0,053867194;0,463718943;2,000461163
30.09.2011;4;-0,186311901;-0,176576773;-0,128862697;-0,080002484;-0,104993238;0,122490003;-0,211615315;1,06292634;2,041917433
30.12.2011;4;0,221424904;-0,204162266;0,112884702;-0,032339238;0,139024432;-0,107835719;0,036985639;0,554797664;0,885415701
30.03.2012;4;0,041521942;-0,340696603;0,078254274;0,029047054;0,007583951;0,021982958;-0,123714359;0,665864812;1,461529646
29.06.2012;4;-0,192742587;0,28391204;-0,025445827;-0,051991716;-0,016078575;0,042363179;0,059562493;0,900540304;1,777366594
28.09.2012;4;0,081671107;0,161810463;0,042339062;0,015121532;0,099695209;-0,063614829;0,165004705;0,610150035;0,940975651
31.12.2012;4;-0,004021526;0,009294026;-0,02509356;0,025564667;-0,074979478;0,106960636;-0,038271943;1,030359727;1,792325042
28.03.2013;4;0,057249167;0,183017624;0,106622374;-0,028757941;0,094183059;-0,075355652;0,122264853;0,757796281;1,336306066
28.06.2013;4;-0,006914729;-0,121112379;0,022454716;0,014789847;-0,004047906;0,031624229;0,325963026;0,847098207;0,988842685
30.09.2013;4;0,058038308;-0,001403509;0,014652416;0,038969396;0,026352426;0,001216068;-0,084941035;0,842982631;0,811478229
31.12.2013;4;-0,03895885;0,172441448;0,091337965;0,015841915;0,027679215;0,000895376;0,065538383;0,869511448;0,802930544
31.03.2014;4;0,03160263;0,032789823;-0,00720466;0,001890085;-0,049226574;0,066746861;0,111635149;1,109026644;0,624283935
30.06.2014;4;0,0366313;0,02038114;0,022169945;-0,005607968;0,093389391;-0,071058429;0,00203926;0,8371608;1,117057955
30.09.2014;4;-0,144861761;-0,079277104;0,012772727;-0,080657611;-0,089947335;0,107276196;0,071392113;1,300406265;1,08628629
31.12.2014;4;-0,537242883;-0,355185431;0,044759991;-0,04311396;-0,061704236;0,069659755;0,085959418;1,574832308;0,179376949
31.03.2015;4;-0,11254056;-0,090131504;-0,002637702;-0,119903401;-0,066334868;0,079254145;0,193532912;1,920228945;-0,206978397
30.06.2015;4;0,222639222;0,070204259;-0,008849173;0,038033654;-0,084537777;0,072120758;-0,054373151;2,322008953;-1,060037324
30.09.2015;4;-0,276811491;-0,115138231;-0,078780794;0,002687692;-0,201304369;0,208599427;0,116850043;3,535315943;-0,43349204
31.12.2015;4;-0,196662083;-0,076976889;0,067681662;-0,028587636;0,131437417;-0,140627839;0,086221799;2,637155246;-1,55537565
30.09.1996;5;0,153057485;-0,27369583;0,039451131;-0,000390427;-0,01408474;0,051428514;0,046017725;-0,388341414;-0,386782802
31.12.1996;5;0,061251747;0,219342298;0,091886286;-0,006896579;0,090356603;-0,024394262;0,005417529;-0,472005212;-0,340218974
31.03.1997;5;-0,238989895;-0,358697819;0,020751635;-0,087211574;-0,08799344;0,035707536;-0,077112439;-0,291485847;-0,583938462
30.06.1997;5;-0,030343039;0,104893117;0,153118342;-0,034836994;0,047212913;-0,039869699;0,078206518;-0,395180333;-0,505555348
30.09.1997;5;0,067375402;0,365240307;0,034893962;-0,013326972;0,104574604;-0,065153451;0,084274519;-0,659975235;-0,545684695
31.12.1997;5;-0,18288829;-0,308445577;-0,004669012;-0,017897366;-0,117021623;0,157582093;-0,610915386;-0,426080081;-0,723522107
31.03.1998;5;-0,122257316;0,107919077;0,10682374;-0,02977241;0,060756785;-0,093170052;0,709606097;-0,586484562;-0,620270132
30.06.1998;5;-0,096079213;-0,021239027;0,017149094;0,024441515;-0,071060234;0,088929442;0,101737471;-0,453388765;-0,63956512
30.09.1998;5;0,129468142;-0,014688147;-0,132305126;0,075844289;0,060286002;0,051972745;0,136919526;-0,603735357;-0,607001524
31.12.1998;5;-0,292236003;-0,223863087;0,157610004;0,00255951;-0,148033792;0,055821099;0,147587484;-0,634998789;-1,478060812
31.03.1999;5;0,329930435;0,03436417;0,063786177;-0,08663963;0,022361225;-0,010961053;-0,00628826;-0,643506968;-0,44350901
30.06.1999;5;0,140591732;0,17333946;0,114268967;-0,038938278;0,156604954;-0,13016125;-0,023536467;-0,929211407;-0,430821895
30.09.1999;5;0,239494371;0,136451103;-0,059512287;0,031664162;0,02899085;-0,063487383;-0,171519888;-0,877304083;-0,259545835
31.12.1999;5;0,043511154;-0,163977719;0,106370747;-0,059981343;-0,076308064;0,049546645;-0,076227209;-0,62560944;-0,316436976
31.03.2000;5;0,049533935;0,234669826;-0,051323875;-0,051701374;0,129945462;-0,090238579;-0,191062437;-0,765584684;-0,119987565
30.06.2000;5;0,189113803;0,418620973;-0,044371693;-0,003144657;-0,045510524;0,151344686;-0,012328874;-0,537502067;-0,166506988
29.09.2000;5;-0,052427541;0,147232897;0,019245272;-0,075991433;0,080666992;-0,042711916;-0,094782998;-0,597242186;-0,05020843
29.12.2000;5;-0,140410661;0,633865419;0,012681526;0,065649424;0,08755726;0,035286743;-0,066441866;-0,592108142;0,125296668
30.03.2001;5;-0,019213249;-0,665402652;-0,087938777;-0,07258324;0,066929498;-0,074078568;-0,102655127;-0,526218341;0,11895311
29.06.2001;5;-0,00152265;-0,484314498;0,06121478;-0,032105672;0,033729622;0,020515256;0,034988902;-0,433797413;0,161243495
28.09.2001;5;-0,113648737;-0,321850968;-0,171462088;0,070922693;-0,240934247;0,592061516;0,837681734;0,425733384;-0,240515162
31.12.2001;5;-0,166317151;0,135645911;0,12459107;-0,024322372;-0,015876524;0,020240039;0,012397303;0,539616241;-0,479455837
28.03.2002;5;0,282248993;0,24485174;0,037451796;-0,020214179;0,238828246;-0,322992483;0,002022254;-0,270258763;-0,295492663
28.06.2002;5;0,020689096;-0,011642288;-0,118289943;0,12877362;0,03880509;-0,063200243;-0,076767217;-0,301426246;-0,278576509
30.09.2002;5;0,125447803;0,243097229;-0,196808796;-0,004954259;-0,19505538;0,178328567;0,013063402;0,099296765;-0,881214494
31.12.2002;5;0,024332101;0,146109042;0,0941728;0,061518559;-0,20950105;0,182438944;0,079190845;0,463525797;-1,378126518
31.03.2003;5;-0,0051414;0,055044862;-0,042801333;0,039524928;-0,218162788;0,261461916;-0,06079854;1,400701458;-0,221484489
30.06.2003;5;-0,027765952;0,067067435;0,117148182;0,05325198;0,105405928;-0,131891433;-0,085378414;1,130913923;-0,060781026
30.09.2003;5;-0,033342034;-0,113587451;0,031723588;0,012516888;0,018536005;-0,046830987;-0,063660363;1,182659982;-0,284920066
31.12.2003;5;0,107686575;0,247927055;0,11964795;0,077393052;0,059471439;-0,002591759;-0,25510706;1,46251893;-0,449852568
31.03.2004;5;0,094974666;-0,042243535;-0,009246823;-0,02240068;0,205193264;-0,197403667;-0,030824632;0,735682746;0,000540032
30.06.2004;5;0,035438401;0,036734772;0,007481334;-0,009463278;0,19316558;-0,175577105;-0,024088383;0,090914913;0,015341667
30.09.2004;5;0,292528609;0,098922288;-0,034631491;0,01915954;0,116786202;-0,043783881;0,042813251;-0,40954925;-0,21725545
31.12.2004;5;-0,133186109;-0,099897581;0,067391699;0,086086215;-0,077294804;0,112630947;-0,062171133;-0,0299515;-0,109414969
31.03.2005;5;0,242968742;0,218808261;-0,026238459;-0,044505421;0,155190613;-0,125384925;0,105258057;-0,722839667;-0,130560161
30.06.2005;5;0,019661044;-0,091905555;-0,022022448;-0,068309894;0,101704636;-0,076254782;-0,057347287;-0,855515139;0,038601379
30.09.2005;5;0,159043872;0,690206318;0,028185962;-0,006795419;0,255385251;-0,180054247;-0,047376752;-1,253830399;-0,018490641
30.12.2005;5;-0,081755123;-0,215255058;0,013981117;-0,014827497;-0,08085522;0,094217244;-0,12975058;-0,854652642;0,362122824
31.03.2006;5;0,08762554;-0,442674482;0,035906476;0,022448475;0,115872731;-0,080635648;-0,075195215;-0,952678413;0,884409078
30.06.2006;5;0,103963773;-0,166524657;0,003674833;0,054049848;0,1074293;-0,041809666;-0,05762183;-1,051866657;0,603178018
29.09.2006;5;-0,161413566;-0,08261263;0,046339122;-0,009189148;-0,243693856;0,259311508;-0,07661295;-0,335023667;0,03437234
29.12.2006;5;-0,030011933;0,114059227;0,064977939;0,04043688;0,179621956;-0,256343277;-0,053334761;-0,897695376;0,163358014
30.03.2007;5;0,075989902;0,204717972;-0,008768063;0,011826434;0,112456522;-0,106982508;0,03770825;-1,025778422;0,188732245
29.06.2007;5;0,070479545;-0,132164742;0,081889556;0,013906155;0,061016914;-0,041072596;-0,090467571;-1,04447779;0,584147345
28.09.2007;5;0,144401638;0,014219986;0,035676618;0,052227058;0,120793726;-0,095730515;-0,046897939;-1,192040992;0,241595226
31.12.2007;5;0,161575551;0,085469675;-0,046458984;0,022318642;0,416080443;-0,331938298;-0,028742841;-1,767028634;0,48476494
31.03.2008;5;0,056706829;0,300000648;-0,078537789;0,078982338;-0,134353237;0,160211786;-0,100682848;-1,468414648;1,011280233
30.06.2008;5;0,320795757;0,27910665;-0,077359004;-0,002092383;0,358408528;-0,236521472;-0,035551093;-1,893166113;1,309427447
30.09.2008;5;-0,33009263;-0,585139083;-0,044992717;-0,111550515;-0,430094326;0,389345507;-0,10014878;-1,154093085;1,045112541
31.12.2008;5;-0,813815934;-0,279914523;-0,212160746;-0,008623508;-0,425399323;0,391191185;-0,000360899;-0,177622875;-0,750114301
31.03.2009;5;0,107465921;-0,398022224;-0,142743918;-0,0529862;0,01038585;-0,018628536;0,104528709;-0,253379741;-0,718396512
30.06.2009;5;0,341722797;0,015504187;0,104490105;0,057414146;-0,008337241;0,025139066;-0,023628003;-0,175141616;-0,382187952
30.09.2009;5;0,0102492;0,232951876;0,139579715;0,04234581;-0,005409956;-0,0113521;-0,034380548;-0,017675915;0,127411187
31.12.2009;5;0,116822685;0,140632745;0,071108227;-0,022030517;0,123709654;-0,088680606;-0,019377725;-0,25757545;0,163358014
31.03.2010;5;0,053961104;-0,36475798;0,040276662;-0,05829684;0,033322872;-0,020416433;-0,066217276;-0,258892846;0,543971479
30.06.2010;5;-0,102102537;0,176532453;-0,105048108;-0,098884287;-0,217166247;0,201813907;-0,037309692;0,517012909;0,199304842
30.09.2010;5;0,055798534;-0,17575736;0,098711195;0,108020808;0,160769287;-0,034296399;0,169697806;0,264043544;1,846515336
31.12.2010;5;0,133375072;0,12896909;0,070625383;-0,018506709;0,258244203;-0,230316919;-0,060315884;-0,388193442;-0,47099776
31.03.2011;5;0,155181946;-0,003638849;0,062137619;0,056219872;0,107305318;-0,078945041;-0,0805012;-0,485413572;1,370748505
30.06.2011;5;-0,111920382;-0,003423488;0,007650214;0,024006736;-0,130835815;0,140054522;-0,044506199;-0,017335931;0,689873307
30.09.2011;5;-0,186311901;-0,176576773;-0,128862697;-0,080002484;-0,354232008;0,363542766;0,008631651;1,237406978;0,036486859
30.12.2011;5;0,221424904;-0,204162266;0,112884702;-0,032339238;0,079485351;-0,032704519;0,097047803;0,8494355;-0,870641898
30.03.2012;5;0,041521942;-0,340696603;0,078254274;0,029047054;0,037153301;-0,004068845;0,111611027;0,803889347;0,558773114
29.06.2012;5;-0,192742587;0,28391204;-0,025445827;-0,051991716;-0,305078775;0,304555303;0,076103414;2,363720657;0,567231191
28.09.2012;5;0,081671107;0,161810463;0,042339062;0,015121532;0,21217452;-0,173684138;-0,034641739;1,49429311;0,584147345
31.12.2012;5;-0,004021526;0,009294026;-0,02509356;0,025564667;-0,01424846;0,043004512;0,007522867;1,67920653;0,197190322
28.03.2013;5;0,057249167;0,183017624;0,106622374;-0,028757941;0,301697817;-0,331618353;-0,15547342;0,665149118;2,104486684
28.06.2013;5;-0,006914729;-0,121112379;0,022454716;0,014789847;-0,074183169;0,051185794;-0,302674174;1,194670731;2,432237168
30.09.2013;5;0,058038308;-0,001403509;0,014652416;0,038969396;0,151159726;-0,122814802;0,073621604;0,653034142;0,294458208
31.12.2013;5;-0,03895885;0,172441448;0,091337965;0,015841915;0,070629322;-0,013360141;-0,107238285;0,671591899;3,476809676
31.03.2014;5;0,03160263;0,032789823;-0,00720466;0,001890085;-0,001446829;0,00457969;-0,01692877;0,723113024;0,222564553
30.06.2014;5;0,0366313;0,02038114;0,022169945;-0,005607968;0,176614343;-0,164321344;0,081430957;0,205815817;1,374977544
30.09.2014;5;-0,144861761;-0,079277104;0,012772727;-0,080657611;-0,047314865;0,073841351;-0,013869747;0,458308246;1,537795526
31.12.2014;5;-0,537242883;-0,355185431;0,044759991;-0,04311396;-0,245063559;0,225265011;0,086162076;1,225821395;-0,610556031
31.03.2015;5;-0,11254056;-0,090131504;-0,002637702;-0,119903401;-0,084035587;0,016718626;0,028522911;1,436012532;-1,416187864
30.06.2015;5;0,222639222;0,070204259;-0,008849173;0,038033654;-0,014694142;0,000667672;0,022520198;1,389823413;-1,79257229
30.09.2015;5;-0,276811491;-0,115138231;-0,078780794;0,002687692;-0,289677683;0,317970436;0,037211429;3,220845038;-1,183590747
31.12.2015;5;-0,196662083;-0,076976889;0,067681662;-0,028587636;-0,032070944;-0,031775274;0,10365795;2,863136427;-4,444179428
30.09.1996;6;0,153057485;-0,27369583;0,039451131;-0,000390427;0,061437308;-0,015022652;0,057530829;-0,139375947;-0,297531329
31.12.1996;6;0,061251747;0,219342298;0,091886286;-0,006896579;0,142241898;-0,168514732;0,06327117;-0,6425527;-0,29283028
31.03.1997;6;-0,238989895;-0,358697819;0,020751635;-0,087211574;-0,049296746;0,12944908;-0,007534236;-0,323804511;-0,343515058
30.06.1997;6;-0,030343039;0,104893117;0,153118342;-0,034836994;0,036552184;-0,037702322;0,115906887;-0,362111239;-0,355552889
30.09.1997;6;0,067375402;0,365240307;0,034893962;-0,013326972;0,158539107;-0,127965543;-0,087322619;-0,619701411;-0,29745265
31.12.1997;6;-0,18288829;-0,308445577;-0,004669012;-0,017897366;-0,052786943;0,05958316;-0,075923487;-0,510169488;-0,338428484
31.03.1998;6;-0,122257316;0,107919077;0,10682374;-0,02977241;-0,077932875;0,077033303;0,193377538;-0,352429556;-0,402819079
30.06.1998;6;-0,096079213;-0,021239027;0,017149094;0,024441515;0,01115419;-0,013205161;0,060623401;-0,388035376;-0,376626962
30.09.1998;6;0,129468142;-0,014688147;-0,132305126;0,075844289;-0,268541172;0,279740321;0,0123846;0,176500172;-0,428491918
31.12.1998;6;-0,292236003;-0,223863087;0,157610004;0,00255951;0,062512745;-0,105656042;0,29782269;-0,164135496;-0,704512309
31.03.1999;6;0,329930435;0,03436417;0,063786177;-0,08663963;0,006049422;0,019803248;0,296565619;-0,231158297;-0,490305789
30.06.1999;6;0,140591732;0,17333946;0,114268967;-0,038938278;0,162288267;-0,124118702;0,080568214;-0,539458442;-0,402114906
30.09.1999;6;0,239494371;0,136451103;-0,059512287;0,031664162;0,102157244;-0,079044741;-0,182474463;-0,630893744;-0,262495732
31.12.1999;6;0,043511154;-0,163977719;0,106370747;-0,059981343;0,059471068;-0,025563672;-0,130866332;-0,651437935;-0,229989654
31.03.2000;6;0,049533935;0,234669826;-0,051323875;-0,051701374;0,004344871;0,02545027;-0,027033718;-0,614503911;-0,30498613
30.06.2000;6;0,189113803;0,418620973;-0,044371693;-0,003144657;0,03162829;0,02377237;-0,030563317;-0,597689819;-0,176602265
29.09.2000;6;-0,052427541;0,147232897;0,019245272;-0,075991433;0,085915199;-0,05375038;-0,074211812;-0,66454178;-0,127255025
29.12.2000;6;-0,140410661;0,633865419;0,012681526;0,065649424;-0,069889253;0,199652566;0,313738717;-0,431985083;-0,09720372
30.03.2001;6;-0,019213249;-0,665402652;-0,087938777;-0,07258324;0,096792718;-0,098810067;-0,037038904;-0,553761835;-0,079076162
29.06.2001;6;-0,00152265;-0,484314498;0,06121478;-0,032105672;0,100238261;-0,042184579;-0,162873057;-0,494597385;0,175575111
28.09.2001;6;-0,113648737;-0,321850968;-0,171462088;0,070922693;-0,016989767;0,012126963;-0,029781633;-0,460151053;-0,299797274
31.12.2001;6;-0,166317151;0,135645911;0,12459107;-0,024322372;0,14963831;-0,168116536;0,068655928;-0,718359042;-0,350777096
28.03.2002;6;0,282248993;0,24485174;0,037451796;-0,020214179;0,133059031;-0,088200928;0,233476948;-0,926460071;-0,45398773
28.06.2002;6;0,020689096;-0,011642288;-0,118289943;0,12877362;-0,151550864;0,2439444;0,126798459;-0,625580195;-0,409160578
30.09.2002;6;0,125447803;0,243097229;-0,196808796;-0,004954259;-0,005227386;0,005783461;0,098323917;-0,64046187;-0,316795793
31.12.2002;6;0,024332101;0,146109042;0,0941728;0,061518559;0,043282495;-0,016479343;-0,039990219;-0,667433729;-0,237216287
31.03.2003;6;-0,0051414;0,055044862;-0,042801333;0,039524928;0,030336428;0,056851682;-0,036236833;-0,596221101;-0,121263647
30.06.2003;6;-0,027765952;0,067067435;0,117148182;0,05325198;0,174671297;-0,117706724;0,006045701;-0,741827864;-0,150477024
30.09.2003;6;-0,033342034;-0,113587451;0,031723588;0,012516888;0,110575892;-0,084039979;0,053133404;-0,890376253;-0,193549644
31.12.2003;6;0,107686575;0,247927055;0,11964795;0,077393052;0,105854275;-0,085600191;0,004508435;-0,999411203;-0,233184006
31.03.2004;6;0,094974666;-0,042243535;-0,009246823;-0,02240068;-0,036486987;0,062160839;-0,099153826;-0,895104263;-0,077490788
30.06.2004;6;0,035438401;0,036734772;0,007481334;-0,009463278;0,157343827;-0,066761958;-0,13051995;-0,910651502;0,912420206
30.09.2004;6;0,292528609;0,098922288;-0,034631491;0,01915954;0,163257941;-0,108114213;-0,074842925;-1,054014824;0,003091871
31.12.2004;6;-0,133186109;-0,099897581;0,067391699;0,086086215;-0,075624136;0,049314199;-0,557080577;-0,864707247;0,065078835
31.03.2005;6;0,242968742;0,218808261;-0,026238459;-0,044505421;0,204753228;-0,201133357;-0,044343335;-1,104402386;-0,018820129
30.06.2005;6;0,019661044;-0,091905555;-0,022022448;-0,068309894;0,056414159;0,008004911;-0,129234739;-1,039519832;0,904237628
30.09.2005;6;0,159043872;0,690206318;0,028185962;-0,006795419;-0,046236393;0,104687365;-0,100315759;-0,86402184;0,444577367
30.12.2005;6;-0,081755123;-0,215255058;0,013981117;-0,014827497;0,079379196;-0,061770054;-0,071729077;-0,918525833;0,144229542
31.03.2006;6;0,08762554;-0,442674482;0,035906476;0,022448475;-0,080381159;0,098265063;-0,029961253;-0,758565707;-0,007687102
30.06.2006;6;0,103963773;-0,166524657;0,003674833;0,054049848;0,114431221;-0,028156672;0,284433234;-0,820433747;0,386457459
29.09.2006;6;-0,161413566;-0,08261263;0,046339122;-0,009189148;-0,161066431;0,193789666;-0,167483619;-0,455374153;0,412425343
29.12.2006;6;-0,030011933;0,114059227;0,064977939;0,04043688;0,067097083;-0,05139362;0,054831865;-0,548048569;-0,110937076
30.03.2007;6;0,075989902;0,204717972;-0,008768063;0,011826434;0,048930355;0,024418259;0,108439046;-0,592111078;-0,028729703
29.06.2007;6;0,070479545;-0,132164742;0,081889556;0,013906155;0,107158029;-0,047669672;0,06539909;-0,644541789;0,520478647
28.09.2007;6;0,144401638;0,014219986;0,035676618;0,052227058;0,16195508;-0,061848122;0,234531253;-0,810075189;0,321000768
31.12.2007;6;0,161575551;0,085469675;-0,046458984;0,022318642;0,193843972;-0,096013755;-0,024286377;-1,035360478;0,346897841
31.03.2008;6;0,056706829;0,300000648;-0,078537789;0,078982338;-0,032341158;0,097487686;0,050888314;-0,90187541;1,14499032
30.06.2008;6;0,320795757;0,27910665;-0,077359004;-0,002092383;0,17705229;-0,096783036;-0,216500759;-1,000438603;1,971949991
30.09.2008;6;-0,33009263;-0,585139083;-0,044992717;-0,111550515;-0,424410025;0,39086103;-0,439045987;-0,139248736;1,835119975
31.12.2008;6;-0,813815934;-0,279914523;-0,212160746;-0,008623508;-0,368955848;0,30840826;-0,000817472;0,722035231;0,037100712
31.03.2009;6;0,107465921;-0,398022224;-0,142743918;-0,0529862;0,009426758;-0,017393938;-0,041858012;0,721721439;0,209155153
30.06.2009;6;0,341722797;0,015504187;0,104490105;0,057414146;0,193353787;-0,103312183;0,384023831;0,30127606;0,160634038
30.09.2009;6;0,0102492;0,232951876;0,139579715;0,04234581;0,058109024;-0,044792979;-0,080369298;0,26840019;0,279072923
31.12.2009;6;0,116822685;0,140632745;0,071108227;-0,022030517;-0,06032149;0,097498781;-0,144684366;0,585164942;0,790456519
31.03.2010;6;0,053961104;-0,36475798;0,040276662;-0,05829684;0,036059121;-0,006078144;-0,122307099;0,555716342;0,121770726
30.06.2010;6;-0,102102537;0,176532453;-0,105048108;-0,098884287;-0,125758205;0,152394512;-0,016708966;0,987797194;0,607210042
30.09.2010;6;0,055798534;-0,17575736;0,098711195;0,108020808;0,222862414;-0,212260733;-0,220553383;0,418757962;0,333970941
31.12.2010;6;0,133375072;0,12896909;0,070625383;-0,018506709;0,185626585;-0,152257183;-0,115361316;0,012404305;0,22081926
31.03.2011;6;0,155181946;-0,003638849;0,062137619;0,056219872;-0,015274072;0,056931565;-0,003033418;0,137700185;0,593889749
30.06.2011;6;-0,111920382;-0,003423488;0,007650214;0,024006736;-0,111707031;0,156119463;0,419764539;0,526147743;0,761907976
30.09.2011;6;-0,186311901;-0,176576773;-0,128862697;-0,080002484;-0,396668434;0,391733216;-0,153821804;1,950429029;1,133668464
30.12.2011;6;0,221424904;-0,204162266;0,112884702;-0,032339238;0,232876793;-0,325306789;-0,780165268;1,013341819;-0,912141295
30.03.2012;6;0,041521942;-0,340696603;0,078254274;0,029047054;0,009463878;0,043207228;-0,038005036;1,102802036;0,677163217
29.06.2012;6;-0,192742587;0,28391204;-0,025445827;-0,051991716;-0,112354041;0,116159793;0,257619623;1,588900058;0,698272695
28.09.2012;6;0,081671107;0,161810463;0,042339062;0,015121532;0,065419334;0,034849592;0,370161343;1,461924;0,42779128
31.12.2012;6;-0,004021526;0,009294026;-0,02509356;0,025564667;0,10358961;-0,029680288;0,712136403;0,908962921;0,160307522
28.03.2013;6;0,057249167;0,183017624;0,106622374;-0,028757941;0,067839471;-0,056594479;0,088681037;0,757119899;0,954615559
28.06.2013;6;-0,006914729;-0,121112379;0,022454716;0,014789847;-0,045586826;0,125911092;0,200847281;0,970922617;1,120017721
30.09.2013;6;0,058038308;-0,001403509;0,014652416;0,038969396;0,13795191;-0,064588467;-0,138229296;0,921480912;0,656462868
31.12.2013;6;-0,03895885;0,172441448;0,091337965;0,015841915;0,072875686;-0,052513849;0,165521575;0,639563324;-0,167255243
31.03.2014;6;0,03160263;0,032789823;-0,00720466;0,001890085;-0,031629378;0,055831875;0,185672151;0,69654325;0,1467984
30.06.2014;6;0,0366313;0,02038114;0,022169945;-0,005607968;0,055991119;-0,027261237;0,092021388;0,59461552;0,045141668
30.09.2014;6;-0,144861761;-0,079277104;0,012772727;-0,080657611;-0,155430078;0,154285221;0,051644103;1,09122233;0,502638267
31.12.2014;6;-0,537242883;-0,355185431;0,044759991;-0,04311396;-0,119101775;0,054137933;-0,319929899;1,603885991;1,012204386
31.03.2015;6;-0,11254056;-0,090131504;-0,002637702;-0,119903401;-0,080768756;-0,019986398;-0,08825949;1,740884295;-0,520766223
30.06.2015;6;0,222639222;0,070204259;-0,008849173;0,038033654;-0,114221788;0,143257116;0,269209188;2,178529983;-0,754414234
30.09.2015;6;-0,276811491;-0,115138231;-0,078780794;0,002687692;-0,54102612;0,363159972;0,28420807;3,634011866;-6,740253385
31.12.2015;6;-0,196662083;-0,076976889;0,067681662;-0,028587636;-0,075062019;-0,01910076;0,03983034;3,328354117;-2,773693557
30.09.1996;7;0,153057485;-0,27369583;0,039451131;-0,000390427;-0,0571599;0,030008405;-0,105330634;0,809717247;-0,376504917
31.12.1996;7;0,061251747;0,219342298;0,091886286;-0,006896579;0;-0,146862594;-0,037114056;0,875335776;-0,408370117
31.03.1997;7;-0,238989895;-0,358697819;0,020751635;-0,087211574;0,052092622;0,10350992;0,014532411;0,68012732;-0,390161432
30.06.1997;7;-0,030343039;0,104893117;0,153118342;-0,034836994;0,017607625;-0,013961638;0,014385594;0,636670618;-0,409280552
30.09.1997;7;0,067375402;0,365240307;0,034893962;-0,013326972;0,034319639;-0,062690451;-0,016247841;0,430249928;-0,410190986
31.12.1997;7;-0,18288829;-0,308445577;-0,004669012;-0,017897366;0,122322483;-0,268813294;0,254760181;-0,953925086;-1,357953088
31.03.1998;7;-0,122257316;0,107919077;0,10682374;-0,02977241;-0,004269749;0,014682609;0,449699304;-1,342210292;-0,3919823
30.06.1998;7;-0,096079213;-0,021239027;0,017149094;0,024441515;-0,077905554;0,049795116;0,037168315;-1,23599311;-0,383788391
30.09.1998;7;0,129468142;-0,014688147;-0,132305126;0,075844289;-0,227781776;0,235573774;0,099496464;-0,64746074;-0,518532667
31.12.1998;7;-0,292236003;-0,223863087;0,157610004;0,00255951;-0,242224942;0,231012953;-0,029976941;0,150751214;-0,587725674
31.03.1999;7;0,329930435;0,03436417;0,063786177;-0,08663963;0,06454161;-0,151831315;-0,316879786;0,315511006;-0,616859571
30.06.1999;7;0,140591732;0,17333946;0,114268967;-0,038938278;0,160083496;-0,140271799;-0,064680947;-0,21169656;-0,544935262
30.09.1999;7;0,239494371;0,136451103;-0,059512287;0,031664162;0,090462285;-0,154566851;-0,056820919;-0,660249685;-0,438414449
31.12.1999;7;0,043511154;-0,163977719;0,106370747;-0,059981343;-0,067070432;0,065437401;-0,232710924;-0,136465002;-0,204432835
31.03.2000;7;0,049533935;0,234669826;-0,051323875;-0,051701374;-0,041296953;0,054694325;-0,009968297;0,231878652;-0,306401476
30.06.2000;7;0,189113803;0,418620973;-0,044371693;-0,003144657;0,014949691;0,294380651;-0,051497905;2,605851001;-0,039644228
29.09.2000;7;-0,052427541;0,147232897;0,019245272;-0,075991433;0,034987205;-0,025241489;-0,143361299;2,664640982;-0,187134584
29.12.2000;7;-0,140410661;0,633865419;0,012681526;0,065649424;0,105934822;-0,125956983;-0,149532117;2,170074588;-0,24995455
30.03.2001;7;-0,019213249;-0,665402652;-0,087938777;-0,07258324;0,020407829;0,002116669;-0,083406802;2,328316375;-0,112478971
29.06.2001;7;-0,00152265;-0,484314498;0,06121478;-0,032105672;0,071709041;-0,099504293;-0,092425179;2,149978384;-0,122493749
28.09.2001;7;-0,113648737;-0,321850968;-0,171462088;0,070922693;-0,088418074;0,049871011;-0,21200413;2,964235083;-0,148896343
31.12.2001;7;-0,166317151;0,135645911;0,12459107;-0,024322372;0,086157263;-0,137466764;0,170243869;1,82170455;-0,778006442
28.03.2002;7;0,282248993;0,24485174;0,037451796;-0,020214179;0,094177855;-0,104005672;-0,173549307;1,549704467;-0,530368313
28.06.2002;7;0,020689096;-0,011642288;-0,118289943;0,12877362;0,028410261;-0,104413315;0,242025038;0,205313179;-0,334624939
30.09.2002;7;0,125447803;0,243097229;-0,196808796;-0,004954259;-0,055179809;0,045039297;-0,015757025;0,583649448;-0,187134584
31.12.2002;7;0,024332101;0,146109042;0,0941728;0,061518559;0,002465423;0,007838323;-0,038463059;0,822668788;-0,259969327
31.03.2003;7;-0,0051414;0,055044862;-0,042801333;0,039524928;0,051712765;-0,032177898;-0,092232948;0,786416481;-0,257238024
30.06.2003;7;-0,027765952;0,067067435;0,117148182;0,05325198;0,113170848;-0,108191035;0,133068468;0,162656396;-0,212626744
30.09.2003;7;-0,033342034;-0,113587451;0,031723588;0,012516888;0,048863256;-0,024786779;-0,060739053;0,174325598;-0,147075474
31.12.2003;7;0,107686575;0,247927055;0,11964795;0,077393052;0,181471938;-0,16069217;-0,066911742;-0,377192335;-0,205343269
31.03.2004;7;0,094974666;-0,042243535;-0,009246823;-0,02240068;0,086357142;-0,069957789;-0,16505313;-0,500871987;-0,109747668
30.06.2004;7;0,035438401;0,036734772;0,007481334;-0,009463278;0,049978285;-0,015551867;-0,079280494;-0,462358986;-0,024166845
30.09.2004;7;0,292528609;0,098922288;-0,034631491;0,01915954;0,144396097;-0,100159772;-0,114935023;-0,725998204;0,136980026
31.12.2004;7;-0,133186109;-0,099897581;0,067391699;0,086086215;0,042530413;0,00101407;-0,079371854;-0,639286063;0,122413077
31.03.2005;7;0,242968742;0,218808261;-0,026238459;-0,044505421;0,198441507;-0,161690984;-0,185944053;-1,105232027;0,217098244
30.06.2005;7;0,019661044;-0,091905555;-0,022022448;-0,068309894;0,077823696;-0,008870732;-0,121990582;-0,98157242;0,845297908
30.09.2005;7;0,159043872;0,690206318;0,028185962;-0,006795419;0,104801512;-0,063926153;-0,226897115;-1,06108911;1,037399545
30.12.2005;7;-0,081755123;-0,215255058;0,013981117;-0,014827497;-0,067171607;0,106367865;-0,075876596;-0,572202945;0,495691138
31.03.2006;7;0,08762554;-0,442674482;0,035906476;0,022448475;0,148303713;-0,00158376;0,014969729;-0,704362511;0,567615448
30.06.2006;7;0,103963773;-0,166524657;0,003674833;0,054049848;0,101520092;-0,121096438;-0,201442266;-0,999599195;0,229844324
29.09.2006;7;-0,161413566;-0,08261263;0,046339122;-0,009189148;-0,063713005;0,0858777;-0,045569519;-0,600692667;0,512078956
29.12.2006;7;-0,030011933;0,114059227;0,064977939;0,04043688;0,014855746;0,00929788;-0,056344177;-0,576560139;0,293574725
30.03.2007;7;0,075989902;0,204717972;-0,008768063;0,011826434;0,009781213;0,011353153;-0,313721169;-0,404532842;0,550317196
29.06.2007;7;0,070479545;-0,132164742;0,081889556;0,013906155;0,160244377;-0,132845994;-0,17285261;-0,814185874;0,732404055
28.09.2007;7;0,144401638;0,014219986;0,035676618;0,052227058;0,10176172;-0,088830678;-0,011091494;-1,062321481;0,652285837
31.12.2007;7;0,161575551;0,085469675;-0,046458984;0,022318642;0,183542304;-0,109259836;-0,100847779;-1,482039357;0,768821427
31.03.2008;7;0,056706829;0,300000648;-0,078537789;0,078982338;-0,050889796;0,10943371;-0,038203614;-1,178814321;1,12753254
30.06.2008;7;0,320795757;0,27910665;-0,077359004;-0,002092383;0,205467299;-0,126959932;-0,066046719;-1,608478329;1,538138407
30.09.2008;7;-0,33009263;-0,585139083;-0,044992717;-0,111550515;-0,243348851;0,279454217;-0,070658404;-0,617329384;1,514467116
31.12.2008;7;-0,813815934;-0,279914523;-0,212160746;-0,008623508;-0,160725078;0,135257789;0,425823937;0,066947374;-0,149806777
31.03.2009;7;0,107465921;-0,398022224;-0,142743918;-0,0529862;-0,075097115;0,052365373;-0,007809107;0,424644217;-0,21808935
30.06.2009;7;0,341722797;0,015504187;0,104490105;0,057414146;0,167690801;-0,138463725;0,225408676;-0,235168156;0,067787019
30.09.2009;7;0,0102492;0,232951876;0,139579715;0,04234581;0,175051977;-0,167132001;-0,243088024;-0,804454889;0,290843422
31.12.2009;7;0,116822685;0,140632745;0,071108227;-0,022030517;0,03693593;0,007369898;-0,021796839;-0,862550934;0,300858199
31.03.2010;7;0,053961104;-0,36475798;0,040276662;-0,05829684;0,038464056;-0,007748809;-0,104656238;-0,886365075;0,41557292
30.06.2010;7;-0,102102537;0,176532453;-0,105048108;-0,098884287;-0,091472906;0,107245515;-0,056462528;-0,459586898;0,414662486
30.09.2010;7;0,055798534;-0,17575736;0,098711195;0,108020808;0,014795592;0,011319593;-0,034070982;-0,404553881;0,531198076
31.12.2010;7;0,133375072;0,12896909;0,070625383;-0,018506709;0,22544024;-0,126972654;0,690411618;-1,116254631;0,550317196
31.03.2011;7;0,155181946;-0,003638849;0,062137619;0,056219872;0,063104208;-0,032532312;-0,109174847;-1,201342285;0,857133554
30.06.2011;7;-0,111920382;-0,003423488;0,007650214;0,024006736;-0,004316327;0,014199088;-0,154694308;-1,052054974;1,101129945
30.09.2011;7;-0,186311901;-0,176576773;-0,128862697;-0,080002484;-0,375077291;0,423667516;0,286336503;0,573955404;1,059249968
30.12.2011;7;0,221424904;-0,204162266;0,112884702;-0,032339238;0,270400021;-0,221685197;-0,030623104;-0,446115286;0,934520469
30.03.2012;7;0,041521942;-0,340696603;0,078254274;0,029047054;0,016197425;0,009672563;-0,029179599;-0,395638679;0,866237897
29.06.2012;7;-0,192742587;0,28391204;-0,025445827;-0,051991716;-0,104626118;0,148283878;0,239901143;0,121624;0,655927575
28.09.2012;7;0,081671107;0,161810463;0,042339062;0,015121532;0,00337566;0,016994096;-0,022836477;0,207004721;0,698717986
31.12.2012;7;-0,004021526;0,009294026;-0,02509356;0,025564667;-0,116317471;0,100299731;0,010716699;0,730547468;-0,247223247
28.03.2013;7;0,057249167;0,183017624;0,106622374;-0,028757941;0,022713955;0,001951261;-0,021898472;0,72635465;0,680509301
28.06.2013;7;-0,006914729;-0,121112379;0,022454716;0,014789847;0,129775984;-0,105938477;-0,021724526;0,219136013;0,650464969
30.09.2013;7;0,058038308;-0,001403509;0,014652416;0,038969396;0,047172412;-0,018090578;-0,034923564;0,12589732;0,88808832
31.12.2013;7;-0,03895885;0,172441448;0,091337965;0,015841915;0,016539551;-0,003883083;-0,095203348;0,149438884;0,942714378
31.03.2014;7;0,03160263;0,032789823;-0,00720466;0,001890085;0,001995283;0,008703881;-0,008908983;0,198139976;0,712374501
30.06.2014;7;0,0366313;0,02038114;0,022169945;-0,005607968;0,074205803;-0,051968779;-0,016288952;-0,044716372;0,749702307
30.09.2014;7;-0,144861761;-0,079277104;0,012772727;-0,080657611;-0,065220675;0,0877879;0,204245141;0,289602719;0,546675459
31.12.2014;7;-0,537242883;-0,355185431;0,044759991;-0,04311396;-0,135083508;-0,057346918;0,021930851;0,071635569;-3,660441423
31.03.2015;7;-0,11254056;-0,090131504;-0,002637702;-0,119903401;-0,099162963;0,050034507;0,023145087;0,427145265;-0,751603847
30.06.2015;7;0,222639222;0,070204259;-0,008849173;0,038033654;0,06329538;-0,038945409;0,222778815;0,057471482;-0,392892734
30.09.2015;7;-0,276811491;-0,115138231;-0,078780794;0,002687692;-0,161830962;0,079399763;0,108601505;0,291024733;-2,928452249
31.12.2015;7;-0,196662083;-0,076976889;0,067681662;-0,028587636;0,021832365;-0,164246033;0,204845684;-0,625401488;-5,267357955
30.09.1996;8;0,153057485;-0,27369583;0,039451131;-0,000390427;-0,066691374;0,068545405;0,004970145;2,042862896;0,060440866
31.12.1996;8;0,061251747;0,219342298;0,091886286;-0,006896579;-0,03509132;0,070583535;0,066415031;2,294964438;-0,062233422
31.03.1997;8;-0,238989895;-0,358697819;0,020751635;-0,087211574;0,112477983;-0,093272286;-0,02004652;1,604672435;-0,015910892
30.06.1997;8;-0,030343039;0,104893117;0,153118342;-0,034836994;0,031416196;-0,008961548;0,096136218;1,429774746;0,013067857
30.09.1997;8;0,067375402;0,365240307;0,034893962;-0,013326972;-0,044803277;0,079484393;0,015497127;1,816414061;0,105799852
31.12.1997;8;-0,18288829;-0,308445577;-0,004669012;-0,017897366;0,267946828;-0,222271374;0,120033608;0,317615667;-0,130376949
31.03.1998;8;-0,122257316;0,107919077;0,10682374;-0,02977241;0,084947393;-0,035086414;0,102864413;-0,201446023;-0,076766264
30.06.1998;8;-0,096079213;-0,021239027;0,017149094;0,024441515;-0,044537854;0,041577465;0,015712012;0,020384039;-0,015910892
30.09.1998;8;0,129468142;-0,014688147;-0,132305126;0,075844289;0,009852296;0,065923831;0,052853062;-0,008340129;0,034801918
31.12.1998;8;-0,292236003;-0,223863087;0,157610004;0,00255951;-0,011834458;0,060818922;-0,016156752;0,099202658;0,015965732
31.03.1999;8;0,329930435;0,03436417;0,063786177;-0,08663963;-0,013986242;0,037428347;0,042458744;-0,077780918;-0,030400266
30.06.1999;8;0,140591732;0,17333946;0,114268967;-0,038938278;0,043313857;-0,126205657;-0,110063125;-0,224442984;-0,014461955
30.09.1999;8;0,239494371;0,136451103;-0,059512287;0,031664162;-0,226037909;0,227729181;-0,010728875;0,887806476;-0,010115142
31.12.1999;8;0,043511154;-0,163977719;0,106370747;-0,059981343;-0,232852365;0,237945469;0,115031525;2,318323474;-1,135939527
31.03.2000;8;0,049533935;0,234669826;-0,051323875;-0,051701374;0,024097552;-0,106872574;-0,069835661;1,592150537;0,127533914
30.06.2000;8;0,189113803;0,418620973;-0,044371693;-0,003144657;0,159239749;-0,093292682;-0,02153046;0,790677415;0,081167916
29.09.2000;8;-0,052427541;0,147232897;0,019245272;-0,075991433;-0,017116208;0,095528922;0,098868715;0,967433226;0,047842355
29.12.2000;8;-0,140410661;0,633865419;0,012681526;0,065649424;-0,190913705;0,293605689;0,819402043;-0,752303984;-6,243443974
30.03.2001;8;-0,019213249;-0,665402652;-0,087938777;-0,07258324;-0,523404406;0,514780516;0,440612058;-0,588007156;-1,656108065
29.06.2001;8;-0,00152265;-0,484314498;0,06121478;-0,032105672;-0,056414089;0,068052857;-0,671954083;0,650788175;0,808534507
28.09.2001;8;-0,113648737;-0,321850968;-0,171462088;0,070922693;0,30538165;-0,355154349;-0,197322915;0,242804951;0,838962193
31.12.2001;8;-0,166317151;0,135645911;0,12459107;-0,024322372;0,235696017;-0,174826177;-0,13704748;0,411228039;0,488319334
28.03.2002;8;0,282248993;0,24485174;0,037451796;-0,020214179;0,202558914;-0,193220108;0,390505471;-0,356339219;0,636110952
28.06.2002;8;0,020689096;-0,011642288;-0,118289943;0,12877362;-0,275308461;0,283515608;0,029841312;0,921326285;0,037699793
30.09.2002;8;0,125447803;0,243097229;-0,196808796;-0,004954259;-0,462985275;0,426241482;-0,104940532;4,465008382;0,397036276
31.12.2002;8;0,024332101;0,146109042;0,0941728;0,061518559;0,210632217;-0,319965644;0,073755666;0,333190428;-3,449892606
31.03.2003;8;-0,0051414;0,055044862;-0,042801333;0,039524928;-0,032909734;0,090118532;0,467320472;0,062170894;-0,791092418
30.06.2003;8;-0,027765952;0,067067435;0,117148182;0,05325198;0,452660799;-0,476265909;-0,05361379;-1,434097353;0,05074023
30.09.2003;8;-0,033342034;-0,113587451;0,031723588;0,012516888;0,122238553;-0,347872379;-0,516636552;-1,5539592;0,460789523
31.12.2003;8;0,107686575;0,247927055;0,11964795;0,077393052;0,150077842;-0,073941298;-0,040954279;-1,894210748;-0,224557882
31.03.2004;8;0,094974666;-0,042243535;-0,009246823;-0,02240068;0,04230451;0,277223399;-0,054212432;-0,356222614;4,116458664
30.06.2004;8;0,035438401;0,036734772;0,007481334;-0,009463278;-0,036201458;-0,154105736;-0,541187264;-0,002512371;0,260836158
30.09.2004;8;0,292528609;0,098922288;-0,034631491;0,01915954;0,084383255;-0,080120145;-0,039604398;-0,247705136;0,052189167
31.12.2004;8;-0,133186109;-0,099897581;0,067391699;0,086086215;0,090514008;-0,091902851;-0,164704847;-0,218375243;0,983855936
31.03.2005;8;0,242968742;0,218808261;-0,026238459;-0,044505421;0,024340768;0,035370194;0,158505999;-0,454801054;0,037699793
30.06.2005;8;0,019661044;-0,091905555;-0,022022448;-0,068309894;0,096109647;-0,104659245;-0,049873376;-0,743826748;0,108697727
30.09.2005;8;0,159043872;0,690206318;0,028185962;-0,006795419;0,044544413;-0,056945792;-0,051332067;-0,865691587;0,086963666
30.12.2005;8;-0,081755123;-0,215255058;0,013981117;-0,014827497;-0,055795536;0,140199518;0,224921319;-0,810801425;-0,017359829
31.03.2006;8;0,08762554;-0,442674482;0,035906476;0,022448475;0,046838343;-0,05676638;-0,056620037;-0,948716213;0,031904043
30.06.2006;8;0,103963773;-0,166524657;0,003674833;0,054049848;0,009721233;-0,014375092;-0,00680437;-0,940405655;0,057984917
29.09.2006;8;-0,161413566;-0,08261263;0,046339122;-0,009189148;0,058585885;-0,036904463;-0,047603154;-1,02409211;0,291263844
29.12.2006;8;-0,030011933;0,114059227;0,064977939;0,04043688;0,127842975;-0,203109173;0,024305131;-1,63895185;-0,057930078
30.03.2007;8;0,075989902;0,204717972;-0,008768063;0,011826434;0,019665906;0,047088704;-0,038300125;-1,439204572;0,092759415
29.06.2007;8;0,070479545;-0,132164742;0,081889556;0,013906155;-0,063503217;0,083009037;0,011643638;-1,150279922;0,111595602
28.09.2007;8;0,144401638;0,014219986;0,035676618;0,052227058;0,053718607;-0,043938905;0,016099412;-1,275757162;0,124636039
31.12.2007;8;0,161575551;0,085469675;-0,046458984;0,022318642;-0,103734688;0,11514828;-0,046608336;-0,875544655;0,015965732
31.03.2008;8;0,056706829;0,300000648;-0,078537789;0,078982338;-0,157249776;0,174960331;-0,03717702;-0,213234322;0,046393418
30.06.2008;8;0,320795757;0,27910665;-0,077359004;-0,002092383;0,075058091;-0,047708409;-0,037369202;-0,444795939;0,1463701
30.09.2008;8;-0,33009263;-0,585139083;-0,044992717;-0,111550515;-0,058092557;0,059955381;0,082789319;-0,112361763;0,162308412
31.12.2008;8;-0,813815934;-0,279914523;-0,212160746;-0,008623508;0,033091255;0,079437801;0,006330169;0,1333041;0,470932085
31.03.2009;8;0,107465921;-0,398022224;-0,142743918;-0,0529862;-0,012739026;-0,060974056;-0,001020504;-0,085560634;0,075372166
30.06.2009;8;0,341722797;0,015504187;0,104490105;0,057414146;0,005739645;0,008085807;-0,011125346;0,007433659;0,289814906
30.09.2009;8;0,0102492;0,232951876;0,139579715;0,04234581;0,051956446;-0,04910759;-0,04940573;-0,153354793;0,186940348
31.12.2009;8;0,116822685;0,140632745;0,071108227;-0,022030517;0,097799277;-0,08783837;0,046577176;-0,488940869;0,123187101
31.03.2010;8;0,053961104;-0,36475798;0,040276662;-0,05829684;-0,051234358;0,063319903;0,021814813;-0,271987967;0,100004103
30.06.2010;8;-0,102102537;0,176532453;-0,105048108;-0,098884287;-0,031611828;-0,002545558;-0,064135067;-0,15174834;0,210123347
30.09.2010;8;0,055798534;-0,17575736;0,098711195;0,108020808;0,099944415;-0,080459093;0,014636261;-0,524223638;0,100004103
31.12.2010;8;0,133375072;0,12896909;0,070625383;-0,018506709;0,051909573;-0,0443909;-0,010316439;-0,67392607;0,089861541
31.03.2011;8;0,155181946;-0,003638849;0,062137619;0,056219872;-0,079589912;0,07904402;-0,023471332;-0,334952184;0,014516794
30.06.2011;8;-0,111920382;-0,003423488;0,007650214;0,024006736;-0,049888549;0,062001899;-0,022014011;-0,030050922;0,252142533
30.09.2011;8;-0,186311901;-0,176576773;-0,128862697;-0,080002484;0,006403437;-0,010911944;-0,023871765;-0,034892551;0,015965732
30.12.2011;8;0,221424904;-0,204162266;0,112884702;-0,032339238;-0,025863511;0,05444396;0,036756673;0,055246103;-0,152111011
30.03.2012;8;0,041521942;-0,340696603;0,078254274;0,029047054;0,051766254;-0,065832112;-0,061789343;-0,114296339;0,063780667
29.06.2012;8;-0,192742587;0,28391204;-0,025445827;-0,051991716;0,041954732;-0,05336292;-0,023970986;-0,256782109;0,068127479
28.09.2012;8;0,081671107;0,161810463;0,042339062;0,015121532;-0,059148464;0,066204077;-0,02846131;0,078067293;0,249244658
31.12.2012;8;-0,004021526;0,009294026;-0,02509356;0,025564667;-0,060126738;0,087568852;0,003448499;0,323879616;-0,291209004
28.03.2013;8;0,057249167;0,183017624;0,106622374;-0,028757941;0,10279376;-0,115918253;-0,036912253;-0,093164248;0,072474291
28.06.2013;8;-0,006914729;-0,121112379;0,022454716;0,014789847;0,026591418;-0,01032752;0,033178502;-0,147659;0,20287866
30.09.2013;8;0,058038308;-0,001403509;0,014652416;0,038969396;-0,111135597;0,118716242;-0,009583138;0,366502792;-0,040542828
31.12.2013;8;-0,03895885;0,172441448;0,091337965;0,015841915;-0,015763873;0,004967983;0,01977267;0,469634021;-0,147764198
31.03.2014;8;0,03160263;0,032789823;-0,00720466;0,001890085;0,069985427;-0,079628649;-0,015145541;0,164839821;0,055087042
30.06.2014;8;0,0366313;0,02038114;0,022169945;-0,005607968;0,105777096;-0,101708658;0,01147154;-0,264564289;0,114493477
30.09.2014;8;-0,144861761;-0,079277104;0,012772727;-0,080657611;-0,064066607;0,071437213;-0,076731976;0,199442938;0,901266502
31.12.2014;8;-0,537242883;-0,355185431;0,044759991;-0,04311396;0,16725901;-0,132142918;0,047730623;-0,540121945;-0,082562014
31.03.2015;8;-0,11254056;-0,090131504;-0,002637702;-0,119903401;-0,003198197;0,002670264;0,016998356;-0,568012031;-0,228904694
30.06.2015;8;0,222639222;0,070204259;-0,008849173;0,038033654;-0,077752762;0,091159685;0,020618632;-0,18679142;0,31010003
30.09.2015;8;-0,276811491;-0,115138231;-0,078780794;0,002687692;0,072652156;-0,084565526;-0,041308802;-0,42526992;0,171002037
31.12.2015;8;-0,196662083;-0,076976889;0,067681662;-0,028587636;0,007359218;0,010422907;0,046091199;-0,468189407;-0,078215202
30.09.1996;9;0,153057485;-0,27369583;0,039451131;-0,000390427;0,02985225;-0,009007888;0,046289777;-0,04576441;0,007062791
31.12.1996;9;0,061251747;0,219342298;0,091886286;-0,006896579;0,097978211;0,348109426;0,023872029;0,292263125;0,10700454
31.03.1997;9;-0,238989895;-0,358697819;0,020751635;-0,087211574;0,173952889;-0,603030055;-0,064932263;-0,231640838;0,314312283
30.06.1997;9;-0,030343039;0,104893117;0,153118342;-0,034836994;-0,01979916;0,068730198;0,04715625;-0,186467436;0,142698022
30.09.1997;9;0,067375402;0,365240307;0,034893962;-0,013326972;0,067655628;-0,030994835;0,064939234;-0,245042149;-0,15655613
31.12.1997;9;-0,18288829;-0,308445577;-0,004669012;-0,017897366;0,196903038;-0,250495177;-0,030177132;-0,410584325;-0,031486169
31.03.1998;9;-0,122257316;0,107919077;0,10682374;-0,02977241;0,115829256;-0,1324233;0,006159579;-0,465579064;-0,001218097
30.06.1998;9;-0,096079213;-0,021239027;0,017149094;0,024441515;0,053247386;0,011430403;0,079103781;-0,488910944;0,029335524
30.09.1998;9;0,129468142;-0,014688147;-0,132305126;0,075844289;-0,160343166;0,162003977;0,034661879;-0,407224513;-0,054901093
31.12.1998;9;-0,292236003;-0,223863087;0,157610004;0,00255951;0,081379932;-0,031927532;0,038105569;-0,432468192;-0,291905813
31.03.1999;9;0,329930435;0,03436417;0,063786177;-0,08663963;0,236283413;-0,217524187;0,078231272;-0,538050774;-0,044621371
30.06.1999;9;0,140591732;0,17333946;0,114268967;-0,038938278;0,074672778;-0,0366276;0,000673558;-0,568216829;-0,143992024
30.09.1999;9;0,239494371;0,136451103;-0,059512287;0,031664162;-0,123307094;0,187211934;0,128204526;-0,526870806;-0,115437239
31.12.1999;9;0,043511154;-0,163977719;0,106370747;-0,059981343;-0,207892222;0,350198306;-0,210508606;-0,240087894;0,153548841
31.03.2000;9;0,049533935;0,234669826;-0,051323875;-0,051701374;0,362993167;-0,332777671;-0,011686531;-0,446479163;0,089015026
30.06.2000;9;0,189113803;0,418620973;-0,044371693;-0,003144657;-0,05247282;0,146127325;-0,031724018;-0,398315144;0,808881168
29.09.2000;9;-0,052427541;0,147232897;0,019245272;-0,075991433;0,013308335;0,110542428;0,143115765;-0,373076393;0,150122267
29.12.2000;9;-0,140410661;0,633865419;0,012681526;0,065649424;-0,056289012;0,131037674;-0,192876511;-0,374254855;-0,3335958
30.03.2001;9;-0,019213249;-0,665402652;-0,087938777;-0,07258324;0,070391239;-0,107566599;-0,325352867;-0,368683265;0,373135141
29.06.2001;9;-0,00152265;-0,484314498;0,06121478;-0,032105672;-0,177156392;0,179656893;0,300177723;-0,317990581;0,773758782
28.09.2001;9;-0,113648737;-0,321850968;-0,171462088;0,070922693;-0,188106444;0,255355534;-0,092929374;-0,074219031;0,436241217
31.12.2001;9;-0,166317151;0,135645911;0,12459107;-0,024322372;-0,067424068;0,076895537;0,15753126;-0,161351939;-3,729901987
28.03.2002;9;0,282248993;0,24485174;0,037451796;-0,020214179;-0,079912751;0,116747655;0,363245489;-0,157501751;0,111858854
28.06.2002;9;0,020689096;-0,011642288;-0,118289943;0,12877362;-1,369455363;1,30334769;-0,008817994;2,065975456;-1,192523747
30.09.2002;9;0,125447803;0,243097229;-0,196808796;-0,004954259;-0,974707873;0,9282814;0,135010259;6,169878969;-1,035472427
31.12.2002;9;0,024332101;0,146109042;0,0941728;0,061518559;0,177886558;-0,20309184;0,006907351;4,683402854;-0,821597084
31.03.2003;9;-0,0051414;0,055044862;-0,042801333;0,039524928;0,528422071;-0,517300947;0,166477337;1,829098854;-2,521463465
30.06.2003;9;-0,027765952;0,067067435;0,117148182;0,05325198;0,545160783;-0,591235342;0,057848474;0,491463661;0,574446379
30.09.2003;9;-0,033342034;-0,113587451;0,031723588;0,012516888;0,175974172;-0,287375453;-0,056665678;0,317868836;0,107861184
31.12.2003;9;0,107686575;0,247927055;0,11964795;0,077393052;0,041594957;-0,156531919;-0,049380323;0,235581914;-0,349015384
31.03.2004;9;0,094974666;-0,042243535;-0,009246823;-0,02240068;-0,025795006;0,050744546;-0,045708496;0,244112262;-0,167406948
30.06.2004;9;0,035438401;0,036734772;0,007481334;-0,009463278;0,217914023;-0,283025515;-0,135646119;-0,001067233;-0,247645895
30.09.2004;9;0,292528609;0,098922288;-0,034631491;0,01915954;0,016665437;-0,041565283;-0,090793509;-0,014664256;0,085873999
31.12.2004;9;-0,133186109;-0,099897581;0,067391699;0,086086215;0,297341161;-0,425163578;-0,325071626;-0,146706359;0,01391594
31.03.2005;9;0,242968742;0,218808261;-0,026238459;-0,044505421;0,143839307;-0,069098705;-0,084235755;-0,228935992;0,378560551
30.06.2005;9;0,019661044;-0,091905555;-0,022022448;-0,068309894;0,010047146;-0,013103847;-0,018422964;-0,224701767;-0,077744922
30.09.2005;9;0,159043872;0,690206318;0,028185962;-0,006795419;0,276436276;-0,036048789;0,013374526;-0,408765378;-0,18311208
30.12.2005;9;-0,081755123;-0,215255058;0,013981117;-0,014827497;-0,07801228;-0,056599681;-0,052146912;-0,335433104;-0,004930219
31.03.2006;9;0,08762554;-0,442674482;0,035906476;0,022448475;-0,079934363;-0,080274341;-0,122090738;-0,252621509;0,180961435
30.06.2006;9;0,103963773;-0,166524657;0,003674833;0,054049848;0,088098576;-0,104888918;-0,02441446;-0,292826548;-0,412692556
29.09.2006;9;-0,161413566;-0,08261263;0,046339122;-0,009189148;0,021599672;-0,05415812;-0,035683101;-0,288298374;0,107575636
29.12.2006;9;-0,030011933;0,114059227;0,064977939;0,04043688;0,090078915;-0,068469841;-0,017046167;-0,286453981;0,223793613
30.03.2007;9;0,075989902;0,204717972;-0,008768063;0,011826434;0,085794374;-0,067503646;-0,030895192;-0,332391259;0,18695794
29.06.2007;9;0,070479545;-0,132164742;0,081889556;0,013906155;0,105291235;-0,112517031;-0,030432669;-0,381880313;1,040746026
28.09.2007;9;0,144401638;0,014219986;0,035676618;0,052227058;0,074335897;-0,061542281;-0,007983751;-0,408340014;0,369708567
31.12.2007;9;0,161575551;0,085469675;-0,046458984;0,022318642;0,049264999;-0,068042551;-0,032107824;-0,410593164;0,446806488
31.03.2008;9;0,056706829;0,300000648;-0,078537789;0,078982338;-0,081487255;0,165780746;-0,073587825;-0,320137278;1,232063089
30.06.2008;9;0,320795757;0,27910665;-0,077359004;-0,002092383;0,200698038;-0,053356002;0,023608816;-0,436972086;1,05216794
30.09.2008;9;-0,33009263;-0,585139083;-0,044992717;-0,111550515;-0,533238273;0,385900317;-0,11448079;0,022285906;0,849428963
31.12.2008;9;-0,813815934;-0,279914523;-0,212160746;-0,008623508;-0,4905953;0,457055979;-0,009495514;0,607383605;0,132703847
31.03.2009;9;0,107465921;-0,398022224;-0,142743918;-0,0529862;-0,24091298;0,21261798;0,113980814;0,98032388;-0,686818496
30.06.2009;9;0,341722797;0,015504187;0,104490105;0,057414146;0,31605403;-0,333069903;-0,019279293;0,453395631;0,209801768
30.09.2009;9;0,0102492;0,232951876;0,139579715;0,04234581;0,135214725;-0,139889639;-0,000346566;0,274765873;0,212657247
31.12.2009;9;0,116822685;0,140632745;0,071108227;-0,022030517;0,165201011;-0,152141804;-0,018472256;0,108220931;0,295466125
31.03.2010;9;0,053961104;-0,36475798;0,040276662;-0,05829684;0,09150888;-0,099212702;0,047645865;0,008443828;-0,746783546
30.06.2010;9;-0,102102537;0,176532453;-0,105048108;-0,098884287;-0,234025376;0,226756068;-0,019599655;0,268355194;0,332587346
30.09.2010;9;0,055798534;-0,17575736;0,098711195;0,108020808;0,044406906;-0,08945741;0,097966534;0,1063997;-3,802145594
31.12.2010;9;0,133375072;0,12896909;0,070625383;-0,018506709;0,257400828;-0,213056898;0,015145318;-0,089568222;0,301177082
31.03.2011;9;0,155181946;-0,003638849;0,062137619;0,056219872;0,232160628;-0,231142075;-0,029609791;-0,248658451;0,720932429
30.06.2011;9;-0,111920382;-0,003423488;0,007650214;0,024006736;-0,030280092;0,053073751;0,003302841;-0,215091316;0,452517445
30.09.2011;9;-0,186311901;-0,176576773;-0,128862697;-0,080002484;-0,217372105;0,234385787;-0,014711818;-0,017094082;0,58101398
30.12.2011;9;0,221424904;-0,204162266;0,112884702;-0,032339238;0,304988865;-0,77029605;1,201570946;-0,754540395;-1,463508662
30.03.2012;9;0,041521942;-0,340696603;0,078254274;0,029047054;0,13336263;0,137683653;-0,367786353;-0,653210904;1,012191241
29.06.2012;9;-0,192742587;0,28391204;-0,025445827;-0,051991716;-0,066769722;0,146338203;-0,374198817;-0,497184251;0,181246983
28.09.2012;9;0,081671107;0,161810463;0,042339062;0,015121532;0,193420961;-0,147042605;-0,011244755;-0,552649898;0,246922989
31.12.2012;9;-0,004021526;0,009294026;-0,02509356;0,025564667;-0,065892979;0,117895585;-0,09402534;-0,466747445;0,229790118
28.03.2013;9;0,057249167;0,183017624;0,106622374;-0,028757941;0,134676125;-0,116241715;-0,069647464;-0,502699453;0,264055861
28.06.2013;9;-0,006914729;-0,121112379;0,022454716;0,014789847;-0,142957111;0,174819741;-0,036691482;-0,428991602;0,209801768
30.09.2013;9;0,058038308;-0,001403509;0,014652416;0,038969396;0,113152683;-0,082523946;-0,115396604;-0,427833215;0,20694629
31.12.2013;9;-0,03895885;0,172441448;0,091337965;0,015841915;0,059005503;-0,033368335;0,114039999;-0,45880802;-0,235652885
31.03.2014;9;0,03160263;0,032789823;-0,00720466;0,001890085;0,050800562;-0,011733088;0,127283337;-0,494750335;0,204090811
30.06.2014;9;0,0366313;0,02038114;0,022169945;-0,005607968;0,360781827;-0,236612115;-0,075903025;-0,551298344;0,098438105
30.09.2014;9;-0,144861761;-0,079277104;0,012772727;-0,080657611;-0,050380502;0,404646183;-0,312407668;-0,227041476;4,595816821
31.12.2014;9;-0,537242883;-0,355185431;0,044759991;-0,04311396;-0,208348392;0,221274706;0,067806281;-0,082564327;0,355431174
31.03.2015;9;-0,11254056;-0,090131504;-0,002637702;-0,119903401;0,118425662;-0,119723816;0,070990876;-0,202275507;0,004207313
30.06.2015;9;0,222639222;0,070204259;-0,008849173;0,038033654;0,126116144;-0,113557023;0,061038898;-0,304796744;0,129848369
30.09.2015;9;-0,276811491;-0,115138231;-0,078780794;0,002687692;-0,443014453;0,436268139;0,061674254;0,004504677;-0,309895328
31.12.2015;9;-0,196662083;-0,076976889;0,067681662;-0,028587636;-0,360364627;0,324322704;0,150320706;0,264627924;-2,197366649
